scenario,year,co2_ppm,total_effective_forcing_wm2,anthropogenic_effective_forcing_wm2,rcmip_co2_effective_forcing_wm2
ssp126,1750,277.147003,0.259367068,0,0
ssp126,1751,277.188001,0.242788114,0.001756263,0.000823549
ssp126,1752,277.229001,0.214655617,0.00369797,0.001647036
ssp126,1753,277.263,0.179488272,0.004707139,0.002329817
ssp126,1754,277.304003,0.145353885,0.004987226,0.003153146
ssp126,1755,277.351003,0.098651144,0.00703343,0.004096748
ssp126,1756,277.389,-0.133032153,0.008562432,0.004859497
ssp126,1757,277.441999,0.016012389,0.008843661,0.005923233
ssp126,1758,277.489001,0.147192448,0.010441407,0.006866449
ssp126,1759,277.539998,0.226591085,0.011487358,0.007889672
ssp126,1760,277.605003,0.261231482,0.011816783,0.009193695
ssp126,1761,277.663999,0.259795206,0.013356894,0.01037692
ssp126,1762,277.732002,-0.664034413,0.015655135,0.011740518
ssp126,1763,277.795998,-0.415601766,0.017507469,0.013023458
ssp126,1764,277.859004,-0.048122205,0.020829214,0.0142863
ssp126,1765,277.913,0.070897668,0.021064017,0.015368335
ssp126,1766,277.958,-0.229307493,0.02304658,0.016269969
ssp126,1767,278.016998,-0.265746612,0.024977115,0.017451845
ssp126,1768,278.077995,0.049881921,0.024859738,0.018673525
ssp126,1769,278.135005,0.221123065,0.026963906,0.019815112
ssp126,1770,278.193998,0.158125581,0.0284695,0.02099619
ssp126,1771,278.270002,0.20679169,0.032155605,0.022517504
ssp126,1772,278.334,0.248712785,0.034802076,0.023798201
ssp126,1773,278.411995,0.237596245,0.036707251,0.025358641
ssp126,1774,278.491,0.204710986,0.036778843,0.026938866
ssp126,1775,278.586004,0.174756172,0.039927799,0.028838548
ssp126,1776,278.682999,0.157259871,0.042705085,0.030777429
ssp126,1777,278.773997,0.163114045,0.044456845,0.032595871
ssp126,1778,278.866,0.209072943,0.045683078,0.034433829
ssp126,1779,278.959002,0.283348935,0.048521798,0.036291184
ssp126,1780,279.054003,0.327445436,0.049830276,0.038187868
ssp126,1781,279.144999,0.329656163,0.05219324,0.040004025
ssp126,1782,279.243001,0.308001709,0.054827636,0.041959409
ssp126,1783,279.339999,-1.51950425,0.057058888,0.043894127
ssp126,1784,279.434001,-3.44041412,0.060112981,0.045768496
ssp126,1785,279.532003,-1.31130381,0.061087427,0.047722011
ssp126,1786,279.629,-0.492673872,0.063551614,0.049654877
ssp126,1787,279.729001,-0.086369104,0.065039304,0.051646949
ssp126,1788,279.830999,0.167807172,0.065935378,0.053678115
ssp126,1789,279.932999,0.315426492,0.068959659,0.055708645
ssp126,1790,280.037003,0.366678876,0.071274577,0.057778368
ssp126,1791,280.140999,0.36298785,0.074371629,0.059847231
ssp126,1792,280.240997,0.349870689,0.076971788,0.061835891
ssp126,1793,280.331998,0.321899915,0.078955507,0.063645066
ssp126,1794,280.415001,0.286532022,0.079176076,0.065294756
ssp126,1795,280.491997,0.251409469,0.081854205,0.066824664
ssp126,1796,280.554995,0.090001781,0.083891729,0.068076159
ssp126,1797,280.623001,-0.033018026,0.084844618,0.069426834
ssp126,1798,280.682004,0.056002925,0.085756307,0.070598468
ssp126,1799,280.752998,0.143443087,0.087860297,0.072007897
ssp126,1800,280.833997,0.192958705,0.08912129,0.073615555
ssp126,1801,280.918999,0.23566036,0.091752613,0.075302189
ssp126,1802,280.993996,0.268337863,0.092857357,0.076789911
ssp126,1803,281.072995,0.289747046,0.095953737,0.078356655
ssp126,1804,281.156998,0.29484214,0.098384119,0.080022161
ssp126,1805,281.233996,0.287677634,0.099638725,0.081548406
ssp126,1806,281.322001,0.275813458,0.102208227,0.083292345
ssp126,1807,281.409002,0.257594437,0.104021288,0.085015884
ssp126,1808,281.496,0.237395252,0.105470788,0.086738879
ssp126,1809,281.565997,-3.33083486,0.108205003,0.088124842
ssp126,1810,281.648003,-2.29017827,0.110419986,0.089748159
ssp126,1811,281.717997,-0.69056559,0.113200038,0.09113338
ssp126,1812,281.789998,-0.088925059,0.115828947,0.092557987
ssp126,1813,281.858002,0.130637583,0.117734597,0.093903202
ssp126,1814,281.931005,0.219753506,0.117983723,0.095346984
ssp126,1815,281.991997,-3.25206267,0.120379554,0.096552995
ssp126,1816,282.059001,-4.22601614,0.12182814,0.097877575
ssp126,1817,282.127001,-1.41327998,0.123522992,0.099221563
ssp126,1818,282.199999,-0.295530995,0.124545621,0.100663981
ssp126,1819,282.272006,0.079272084,0.127157035,0.102086437
ssp126,1820,282.346001,0.192818414,0.128131348,0.103547876
ssp126,1821,282.415004,0.118515613,0.130088114,0.104910394
ssp126,1822,282.477,0.113929858,0.131864655,0.106134314
ssp126,1823,282.540001,-0.222103917,0.133733595,0.107377814
ssp126,1824,282.617996,0.031987002,0.135795743,0.108916918
ssp126,1825,282.676,0.202594997,0.136239768,0.110061326
ssp126,1826,282.692998,0.286902678,0.137353301,0.110396748
ssp126,1827,282.692996,0.327418825,0.136615832,0.110396809
ssp126,1828,282.708003,0.339526382,0.135645978,0.11069289
ssp126,1829,282.760996,0.334322889,0.137571318,0.111738122
ssp126,1830,282.824999,0.313130025,0.135473642,0.113000237
ssp126,1831,282.890996,-2.14049609,0.138579172,0.114301406
ssp126,1832,282.921997,-1.41891638,0.139303432,0.114912636
ssp126,1833,282.965998,-0.355091548,0.139413985,0.115780007
ssp126,1834,283.028,0.046924787,0.138740062,0.11700213
ssp126,1835,283.085999,-1.56239446,0.140092107,0.118145105
ssp126,1836,283.149,-0.909410803,0.138421501,0.119386371
ssp126,1837,283.198001,-0.061583694,0.138651201,0.120351596
ssp126,1838,283.253003,0.246881653,0.137877164,0.121434662
ssp126,1839,283.311,0.334963088,0.138487697,0.122576461
ssp126,1840,283.382001,0.346484826,0.138408082,0.123974135
ssp126,1841,283.466998,0.325506113,0.138786495,0.125646976
ssp126,1842,283.528,0.294683261,0.138973992,0.126847365
ssp126,1843,283.566002,0.267168924,0.140496831,0.127594813
ssp126,1844,283.608999,0.249488034,0.140915996,0.128440355
ssp126,1845,283.724996,0.248448246,0.14097865,0.130721184
ssp126,1846,283.847,0.082645907,0.14495819,0.133118939
ssp126,1847,283.936,0.150871692,0.144517965,0.134867398
ssp126,1848,284.067998,0.244821927,0.145428455,0.137459806
ssp126,1849,284.206998,0.288961076,0.14729175,0.140188526
ssp126,1850,284.316999,0.310824461,0.146519275,0.142347045
ssp126,1851,284.451004,0.312119404,0.149707599,0.144975578
ssp126,1852,284.598002,0.309022319,0.152194204,0.147857663
ssp126,1853,284.730998,0.136887502,0.153837252,0.150463935
ssp126,1854,284.845998,0.089025719,0.149828656,0.152716599
ssp126,1855,284.940999,0.210728567,0.153003818,0.154576796
ssp126,1856,285.048993,0.218082292,0.153437416,0.156690742
ssp126,1857,285.204,0.059697689,0.156156732,0.159723814
ssp126,1858,285.369001,0.210699547,0.159183199,0.162950841
ssp126,1859,285.544996,0.294072222,0.161081334,0.166390803
ssp126,1860,285.738993,0.328347827,0.161513798,0.170180332
ssp126,1861,285.933001,0.268895709,0.16471651,0.173967585
ssp126,1862,286.100001,-0.478745502,0.169373414,0.177225628
ssp126,1863,286.271001,-0.118091175,0.171992689,0.180559966
ssp126,1864,286.442001,0.173190366,0.173752939,0.183892469
ssp126,1865,286.613996,0.273453037,0.174765202,0.187242443
ssp126,1866,286.780998,0.306345499,0.179062167,0.190493343
ssp126,1867,286.955002,0.312878451,0.179720182,0.193878689
ssp126,1868,287.105001,0.328616942,0.182197615,0.196795336
ssp126,1869,287.224999,0.348082439,0.182552342,0.199127489
ssp126,1870,287.354998,0.351102048,0.183645024,0.201653103
ssp126,1871,287.494001,0.361846042,0.183325057,0.204352384
ssp126,1872,287.663996,0.351283457,0.179857167,0.207652059
ssp126,1873,287.860001,0.134261403,0.177156221,0.211454436
ssp126,1874,288.061,0.25101457,0.185081207,0.215351248
ssp126,1875,288.291003,0.253199158,0.185255714,0.219807362
ssp126,1876,288.519997,0.258610477,0.18669111,0.224240713
ssp126,1877,288.752001,0.294559915,0.187711597,0.228729132
ssp126,1878,288.993001,0.30749664,0.191507838,0.233388011
ssp126,1879,289.221001,0.309906527,0.18848352,0.237792253
ssp126,1880,289.469999,0.27958636,0.180519904,0.242598499
ssp126,1881,289.736997,0.29525976,0.181177488,0.247748095
ssp126,1882,290.019002,0.329459931,0.180118131,0.25318238
ssp126,1883,290.263,-0.188130277,0.17752229,0.257880277
ssp126,1884,290.511999,-1.65271067,0.180211637,0.262670687
ssp126,1885,290.796997,-0.489360153,0.184997347,0.268149143
ssp126,1886,291.099996,0.057618408,0.191628993,0.273968261
ssp126,1887,291.413999,0.108548126,0.192457584,0.279992719
ssp126,1888,291.763,0.256148249,0.183993479,0.286681833
ssp126,1889,292.113001,0.314911152,0.193364428,0.29338254
ssp126,1890,292.457998,0.195445583,0.185952851,0.299980336
ssp126,1891,292.815999,0.048696662,0.18640592,0.306819333
ssp126,1892,293.167,0.254992669,0.191836929,0.313516961
ssp126,1893,293.477,0.390238938,0.201855433,0.319425909
ssp126,1894,293.790998,0.4164758,0.201867755,0.325405044
ssp126,1895,294.078997,0.393319384,0.197199597,0.330883807
ssp126,1896,294.364998,0.366210371,0.195614329,0.336319851
ssp126,1897,294.645999,0.343646047,0.189452072,0.341656073
ssp126,1898,294.954,0.329146621,0.182639366,0.347499709
ssp126,1899,295.299998,0.304648059,0.167306291,0.354057399
ssp126,1900,295.674995,0.29359788,0.161562674,0.361156779
ssp126,1901,296.006999,0.28028533,0.157386456,0.367435048
ssp126,1902,296.324999,0.178577121,0.15608961,0.373441717
ssp126,1903,296.653997,-0.61984679,0.138675526,0.379649516
ssp126,1904,296.953995,-0.139973277,0.140838754,0.385304501
ssp126,1905,297.288996,0.174575233,0.128175451,0.391613307
ssp126,1906,297.661997,0.290421799,0.122655411,0.398630192
ssp126,1907,298.097995,0.140105645,0.098227754,0.40682203
ssp126,1908,298.51799,0.241788889,0.128056102,0.414702322
ssp126,1909,298.935992,0.284108629,0.121221134,0.422534951
ssp126,1910,299.376996,0.266237486,0.115971019,0.430787545
ssp126,1911,299.828992,0.258777693,0.12667367,0.439233831
ssp126,1912,300.352992,-0.192128559,0.122339744,0.449012375
ssp126,1913,300.909993,-0.263736199,0.110342093,0.459389268
ssp126,1914,301.418991,0.128079595,0.158630435,0.468855947
ssp126,1915,301.936989,0.325526971,0.172588424,0.478475109
ssp126,1916,302.484988,0.361446296,0.15144233,0.488635611
ssp126,1917,303.010989,0.377756631,0.14566804,0.498371797
ssp126,1918,303.448987,0.397720814,0.162063757,0.506467787
ssp126,1919,303.813988,0.442648858,0.239844438,0.513207387
ssp126,1920,304.245987,0.380148595,0.208546333,0.521174253
ssp126,1921,304.599988,0.4395535,0.287346953,0.527694471
ssp126,1922,304.944982,0.308577332,0.275488178,0.534041822
ssp126,1923,305.270983,0.281350582,0.219006321,0.540031826
ssp126,1924,305.629984,0.370615851,0.232855922,0.54662335
ssp126,1925,305.812981,0.391280217,0.232616963,0.549980803
ssp126,1926,305.953985,0.420639767,0.23390013,0.552566519
ssp126,1927,306.176987,0.419956471,0.209761519,0.556653841
ssp126,1928,306.32898,0.38759358,0.217583404,0.559437428
ssp126,1929,306.494987,0.2012564,0.19401158,0.562476715
ssp126,1930,306.619977,0.416798475,0.237882726,0.564764001
ssp126,1931,306.821983,0.467402575,0.303714334,0.56845762
ssp126,1932,307.092979,0.370299951,0.367536595,0.573410874
ssp126,1933,307.40198,0.458818998,0.355154009,0.579053443
ssp126,1934,307.784983,0.472319142,0.325187091,0.586041125
ssp126,1935,308.22698,0.47708508,0.303606182,0.594095074
ssp126,1936,309.011973,0.517185378,0.286317731,0.608373553
ssp126,1937,309.763975,0.49974745,0.26586234,0.622020125
ssp126,1938,310.293976,0.540716251,0.317545453,0.631618597
ssp126,1939,310.850975,0.518759599,0.298771337,0.64169047
ssp126,1940,311.356977,0.463542351,0.263260895,0.650825128
ssp126,1941,311.810974,0.438478072,0.254193653,0.659008869
ssp126,1942,312.171977,0.418371952,0.25284912,0.665507422
ssp126,1943,312.389979,0.400072241,0.253501427,0.669422105
ssp126,1944,312.412972,0.419875859,0.268407044,0.669832834
ssp126,1945,312.384977,0.525887912,0.339337221,0.669326227
ssp126,1946,312.389971,0.556618052,0.353319455,0.669413442
ssp126,1947,312.485972,0.547685437,0.29920231,0.671139122
ssp126,1948,312.520968,0.546266864,0.282524369,0.671767887
ssp126,1949,312.631971,0.559621136,0.311215303,0.67376315
ssp126,1950,312.820976,0.474599199,0.260160368,0.677158085
ssp126,1951,313.013972,0.413477145,0.243851031,0.680623044
ssp126,1952,313.341977,0.414575793,0.247285261,0.686507944
ssp126,1953,313.729968,0.404421928,0.250515423,0.69346019
ssp126,1954,314.094968,0.416652182,0.2629193,0.699994297
ssp126,1955,314.41497,0.402009835,0.221308805,0.705715604
ssp126,1956,314.697968,0.431574299,0.191069172,0.710769672
ssp126,1957,314.991961,0.473615447,0.177506105,0.716016098
ssp126,1958,315.344966,0.490932773,0.187755919,0.722311449
ssp126,1959,315.806966,0.442259245,0.171097578,0.730542582
ssp126,1960,316.624967,0.415764878,0.166652919,0.745090451
ssp126,1961,317.298963,0.289636333,0.091889853,0.75705023
ssp126,1962,318.043963,0.111786054,0.103420143,0.770242964
ssp126,1963,318.649963,-0.63469637,0.103205802,0.780951733
ssp126,1964,319.332962,-0.546284146,0.101471053,0.792999842
ssp126,1965,319.815961,-0.213572606,0.103616204,0.801503982
ssp126,1966,320.879957,0.235806088,0.117724163,0.820202221
ssp126,1967,321.479958,0.107530174,0.150979357,0.830718461
ssp126,1968,322.388957,0.204090108,0.153341422,0.846619614
ssp126,1969,323.250956,0.291803716,0.164337093,0.861660248
ssp126,1970,324.782956,0.299550842,0.166098886,0.888306357
ssp126,1971,325.399956,0.191976148,0.198241558,0.899000858
ssp126,1972,327.348953,0.301156356,0.227947169,0.932677572
ssp126,1973,329.908951,0.404258532,0.253707649,0.97663716
ssp126,1974,330.755953,0.388499602,0.304505418,0.991107189
ssp126,1975,330.826955,0.124523236,0.347976718,0.992310178
ssp126,1976,331.54495,0.359449582,0.339787091,1.00454518
ssp126,1977,333.352946,0.520567383,0.385137679,1.0352617
ssp126,1978,335.009949,0.637580426,0.433825855,1.0632785
ssp126,1979,336.604947,0.706597426,0.467396316,1.09012689
ssp126,1980,338.704946,0.720325335,0.526889785,1.12530278
ssp126,1981,340.05895,0.762805854,0.600280291,1.14787264
ssp126,1982,340.643941,0.533054386,0.646020365,1.15759014
ssp126,1983,342.265948,0.072857728,0.708827662,1.18447874
ssp126,1984,344.007947,0.50694657,0.745212528,1.21322786
ssp126,1985,345.458954,0.749419331,0.787716202,1.23706994
ssp126,1986,346.902946,0.806277025,0.830883097,1.26070529
ssp126,1987,348.774946,0.91382896,0.865245085,1.29121782
ssp126,1988,351.275932,1.06421476,0.92252942,1.33175665
ssp126,1989,352.893923,1.20505072,0.969141524,1.35782563
ssp126,1990,354.072932,1.23339996,1.01074614,1.37675376
ssp126,1991,355.352938,0.713663151,1.04833929,1.39724855
ssp126,1992,356.228948,-0.510439656,1.11375903,1.41123293
ssp126,1993,356.92496,0.341187101,1.14775448,1.42232204
ssp126,1994,358.25396,1.09538585,1.19583255,1.44344174
ssp126,1995,360.238955,1.32203921,1.26140939,1.47487083
ssp126,1996,362.004962,1.42411091,1.31529624,1.50268352
ssp126,1997,363.251956,1.47567722,1.32924047,1.52224317
ssp126,1998,365.932955,1.60850011,1.41097791,1.56412563
ssp126,1999,367.844978,1.73309837,1.4989184,1.59381719
ssp126,2000,369.124975,1.78552229,1.52490041,1.61359987
ssp126,2001,370.672989,1.79817635,1.55185545,1.63745864
ssp126,2002,372.834994,1.8533745,1.59608578,1.67064359
ssp126,2003,375.410998,1.80124534,1.61670154,1.70996038
ssp126,2004,376.987002,1.77797783,1.613467,1.73388657
ssp126,2005,378.907008,1.73664331,1.6206865,1.76291317
ssp126,2006,381.010007,1.73422801,1.64953117,1.79455584
ssp126,2007,382.60302,1.7675046,1.69745572,1.81841661
ssp126,2008,384.739019,1.83865343,1.75922739,1.85027109
ssp126,2009,386.280022,1.8804231,1.82765228,1.8731523
ssp126,2010,388.717031,1.99413816,1.88791117,1.90917914
ssp126,2011,390.944021,2.03203345,1.92036901,1.94191537
ssp126,2012,393.015991,2.12662572,1.97097487,1.9722262
ssp126,2013,395.724978,2.2141263,2.03121078,2.01164737
ssp126,2014,397.546979,2.24580988,2.07089676,2.03800698
ssp126,2015,399.949155,2.35469032,2.22366137,2.07260299
ssp126,2016,403.116961,2.38402873,2.30376213,2.11796875
ssp126,2017,405.751961,2.43799606,2.38158666,2.15546385
ssp126,2018,408.59196,2.49442434,2.45599374,2.19563441
ssp126,2019,411.416964,2.5518513,2.52810386,2.23534696
ssp126,2020,414.231962,2.61359303,2.59861919,2.27467826
ssp126,2021,417.041964,2.69521908,2.65769719,2.31370362
ssp126,2022,419.808963,2.77820369,2.71482382,2.35190396
ssp126,2023,422.49897,2.84177043,2.76977986,2.38882726
ssp126,2024,425.119965,2.88971862,2.82285024,2.42460296
ssp126,2025,427.673966,2.91904143,2.87421803,2.45927636
ssp126,2026,430.16596,2.94394901,2.92411079,2.49293144
ssp126,2027,432.597964,2.96694166,2.97254107,2.52561021
ssp126,2028,434.973969,3.00376256,3.01957131,2.55737997
ssp126,2029,437.294965,3.03262913,3.065416,2.58826639
ssp126,2030,439.563965,3.06840771,3.11027314,2.6183213
ssp126,2031,441.780963,3.09557707,3.14637561,2.64755551
ssp126,2032,443.928968,3.13207233,3.18088011,2.67575655
ssp126,2033,445.989962,3.18658744,3.21356956,2.70270168
ssp126,2034,447.968964,3.25598055,3.24468273,2.72847122
ssp126,2035,449.865969,3.29019067,3.27432889,2.75307851
ssp126,2036,451.68497,3.33560756,3.30267918,2.77658777
ssp126,2037,453.425969,3.34559029,3.32979677,2.79901056
ssp126,2038,455.09197,3.37090345,3.3557964,2.82039615
ssp126,2039,456.683968,3.37132019,3.38075336,2.84076715
ssp126,2040,458.200971,3.37214321,3.40470555,2.86012011
ssp126,2041,459.646973,3.36467905,3.41747613,2.87851451
ssp126,2042,461.018974,3.37104429,3.42941296,2.89592012
ssp126,2043,462.314969,3.38510312,3.44080378,2.91231895
ssp126,2044,463.535973,3.40836465,3.45165021,2.92773129
ssp126,2045,464.682973,3.45481545,3.46196295,2.94217627
ssp126,2046,465.754979,3.48911323,3.47171806,2.95564778
ssp126,2047,466.752978,3.52579384,3.48093023,2.96816395
ssp126,2048,467.677981,3.53709659,3.48959859,2.97974287
ssp126,2049,468.529981,3.52291985,3.49770768,2.99038924
ssp126,2050,469.309977,3.49595126,3.50526074,3.00012006
ssp126,2051,470.018977,3.48202553,3.50835465,3.00895186
ssp126,2052,470.662984,3.46894998,3.51095182,3.01696288
ssp126,2053,471.249985,3.45995878,3.51319738,3.02425539
ssp126,2054,471.778984,3.46613619,3.51506826,3.03081933
ssp126,2055,472.250982,3.48854408,3.51656127,3.03666927
ssp126,2056,472.664986,3.51551424,3.51764094,3.04179479
ssp126,2057,473.021983,3.51695482,3.51831292,3.04620984
ssp126,2058,473.321988,3.52148747,3.51855742,3.04991597
ssp126,2059,473.563985,3.52450902,3.51835195,3.05290177
ssp126,2060,473.749987,3.50234233,3.51770911,3.05519323
ssp126,2061,473.877986,3.48240339,3.51601021,3.05676606
ssp126,2062,473.958989,3.46528187,3.51389038,3.05775711
ssp126,2063,473.998988,3.45746463,3.51137781,3.05824063
ssp126,2064,473.998988,3.45260562,3.50848,3.05822927
ssp126,2065,473.956993,3.45573521,3.50517897,3.05769826
ssp126,2066,473.872991,3.48058594,3.50145401,3.0566474
ssp126,2067,473.746986,3.50197465,3.49730882,3.05507651
ssp126,2068,473.577995,3.51153988,3.49272625,3.05297292
ssp126,2069,473.364995,3.50076621,3.48769202,3.0503236
ssp126,2070,473.10999,3.47950892,3.48221995,3.04715273
ssp126,2071,472.810994,3.45087696,3.47610088,3.0434349
ssp126,2072,472.457995,3.43325399,3.46937202,3.0390449
ssp126,2073,472.040995,3.4176436,3.46187591,3.03385713
ssp126,2074,471.560994,3.3975602,3.4536228,3.02788229
ssp126,2075,471.017995,3.38373371,3.44461441,3.02111821
ssp126,2076,470.413999,3.36916757,3.43488536,3.01358743
ssp126,2077,469.749003,3.36505275,3.42441092,3.00528747
ssp126,2078,469.021996,3.37173675,3.4131934,2.99620272
ssp126,2079,468.236003,3.379169,3.40126366,2.98636791
ssp126,2080,467.389999,3.38012113,3.38860583,2.97576685
ssp126,2081,466.483999,3.3664813,3.37320523,2.96439613
ssp126,2082,465.535998,3.34966196,3.35746977,2.95247799
ssp126,2083,464.561007,3.3195585,3.34178177,2.94019839
ssp126,2084,463.558004,3.29720211,3.32610253,2.92754254
ssp126,2085,462.527003,3.25985939,3.31040648,2.91450846
ssp126,2086,461.466006,3.23214724,3.29464275,2.90106872
ssp126,2087,460.375008,3.2153219,3.27878871,2.88722083
ssp126,2088,459.25501,3.20106103,3.26283686,2.87297499
ssp126,2089,458.104004,3.20165009,3.24673573,2.85830314
ssp126,2090,456.924004,3.21313985,3.2304947,2.84322826
ssp126,2091,455.713005,3.21622858,3.21316978,2.82772194
ssp126,2092,454.502009,3.22562987,3.19605315,2.81217956
ssp126,2093,453.319008,3.19807724,3.17946223,2.79696136
ssp126,2094,452.160011,3.15968891,3.1633405,2.78201816
ssp126,2095,451.024005,3.12633918,3.14766654,2.76733881
ssp126,2096,449.909009,3.09040799,3.13239802,2.75289942
ssp126,2097,448.812007,3.06845232,3.11749735,2.73866245
ssp126,2098,447.734009,3.04735641,3.10295732,2.72464239
ssp126,2099,446.67201,3.04265331,3.08874795,2.71080148
ssp126,2100,445.625002,3.05063422,3.07482423,2.69712779
ssp126,2101,444.592005,3.06036295,3.05870958,2.68360945
ssp126,2102,443.578003,3.04325122,3.04302391,2.67031286
ssp126,2103,442.586011,3.02705658,3.02785422,2.657279
ssp126,2104,441.614009,3.00121345,3.01317376,2.64448278
ssp126,2105,440.662,2.96574657,2.9989373,2.63192574
ssp126,2106,439.729004,2.93982038,2.98510879,2.61959635
ssp126,2107,438.813001,2.91643301,2.97165626,2.60746902
ssp126,2108,437.914007,2.90227553,2.95855007,2.59554527
ssp126,2109,437.031008,2.8959112,2.94576828,2.58381266
ssp126,2110,436.163005,2.90410535,2.9332734,2.57225896
ssp126,2111,435.311007,2.93514507,2.92107924,2.56089864
ssp126,2112,434.473007,2.92515499,2.90914055,2.54970583
ssp126,2113,433.650001,2.91597397,2.8974606,2.53869479
ssp126,2114,432.840004,2.87967134,2.88600957,2.52783979
ssp126,2115,432.044004,2.86112697,2.87479047,2.51715497
ssp126,2116,431.261007,2.82895184,2.86378325,2.50662778
ssp126,2117,430.491002,2.80706139,2.852976,2.49625884
ssp126,2118,429.734006,2.78932502,2.84236649,2.48604915
ssp126,2119,428.988007,2.77912501,2.8319238,2.47597226
ssp126,2120,428.254005,2.78863407,2.82165884,2.4660424
ssp126,2121,427.532005,2.80927561,2.81155995,2.45626024
ssp126,2122,426.821007,2.83205909,2.80162149,2.44661289
ssp126,2123,426.120008,2.80341007,2.79180955,2.43708744
ssp126,2124,425.431005,2.79817,2.78216766,2.42771147
ssp126,2125,424.751002,2.76185082,2.77264249,2.41844489
ssp126,2126,424.082006,2.7289881,2.76325655,2.40931552
ssp126,2127,423.423007,2.7078485,2.75400071,2.4003102
ssp126,2128,422.774002,2.68898862,2.74487071,2.39142937
ssp126,2129,422.134008,2.6825029,2.73584869,2.3826601
ssp126,2130,421.504008,2.69349689,2.7269507,2.37401631
ssp126,2131,420.882004,2.73621895,2.71814859,2.36547106
ssp126,2132,420.270007,2.73565264,2.70946815,2.3570524
ssp126,2133,419.667002,2.73677305,2.700892,2.34874691
ssp126,2134,419.072009,2.71139532,2.69241098,2.34054139
ssp126,2135,418.485006,2.67745955,2.68401718,2.3324361
ssp126,2136,417.907,2.63866847,2.67573042,2.32444519
ssp126,2137,417.337003,2.62110092,2.66753522,2.31655545
ssp126,2138,416.775009,2.60381514,2.65942758,2.30876723
ssp126,2139,416.221008,2.5913591,2.65140994,2.30108071
ssp126,2140,415.675006,2.58675119,2.64348186,2.29349633
ssp126,2141,415.136012,2.59946563,2.63563039,2.2860007
ssp126,2142,414.612002,2.61318393,2.62796136,2.2787052
ssp126,2143,414.108004,2.6086809,2.62055251,2.27168049
ssp126,2144,413.625,2.60627735,2.61341503,2.26494118
ssp126,2145,413.161001,2.59580789,2.60651771,2.25846045
ssp126,2146,412.715001,2.57069134,2.59984943,2.25222498
ssp126,2147,412.288007,2.56217847,2.59342896,2.24624949
ssp126,2148,411.878009,2.54352436,2.58722082,2.24050666
ssp126,2149,411.485008,2.53081113,2.5812291,2.2349971
ssp126,2150,411.109001,2.521902,2.57545419,2.22972132
ssp126,2151,410.749003,2.51681984,2.569902,2.22466605
ssp126,2152,410.402005,2.52962507,2.5645245,2.21978962
ssp126,2153,410.063003,2.55933993,2.55925427,2.21502204
ssp126,2154,409.734004,2.58087597,2.55412305,2.21039172
ssp126,2155,409.413005,2.57481399,2.54909618,2.20587088
ssp126,2156,409.102008,2.56497156,2.54420444,2.2014879
ssp126,2157,408.799004,2.54368223,2.53942394,2.19721469
ssp126,2158,408.506007,2.51517522,2.53477857,2.19307991
ssp126,2159,408.221008,2.49102796,2.53024138,2.18905549
ssp126,2160,407.945,2.47596816,2.52582285,2.18515568
ssp126,2161,407.679001,2.4728739,2.52154609,2.18139498
ssp126,2162,407.420006,2.48662726,2.51736066,2.17773127
ssp126,2163,407.171005,2.51868828,2.51331124,2.17420697
ssp126,2164,406.931007,2.54979723,2.50938782,2.17080823
ssp126,2165,406.699,2.5349162,2.50557209,2.16752096
ssp126,2166,406.475004,2.53657252,2.50186437,2.16434561
ssp126,2167,406.260005,2.49920046,2.49828015,2.16129633
ssp126,2168,406.054001,2.4716414,2.49481704,2.15837328
ssp126,2169,405.856003,2.45107233,2.49146716,2.15556253
ssp126,2170,405.667005,2.43807898,2.48823896,2.1528784
ssp126,2171,405.486005,2.43239288,2.48512016,2.15030681
ssp126,2172,405.313003,2.43965797,2.48211329,2.14784785
ssp126,2173,405.149002,2.46789735,2.47922922,2.14551594
ssp126,2174,404.992999,2.48333445,2.47645394,2.14329695
ssp126,2175,404.844002,2.49678913,2.47377352,2.14117692
ssp126,2176,404.704002,2.4949492,2.47121878,2.13918421
ssp126,2177,404.573003,2.47626203,2.46878776,2.13731903
ssp126,2178,404.449,2.45062971,2.46645361,2.13555292
ssp126,2179,404.333,2.43433696,2.46422841,2.13390033
ssp126,2180,404.225004,2.4166589,2.46211213,2.13236136
ssp126,2181,404.125002,2.40530446,2.46010709,2.13093594
ssp126,2182,404.033,2.39519119,2.45821105,2.12962421
ssp126,2183,403.948003,2.39009273,2.45640983,2.12841212
ssp126,2184,403.870997,2.39216657,2.45472026,2.1273137
ssp126,2185,403.802002,2.40465946,2.45313907,2.12632935
ssp126,2186,403.741002,2.43618355,2.45167052,2.12545885
ssp126,2187,403.687002,2.44015161,2.45029822,2.12468809
ssp126,2188,403.642001,2.44847913,2.44905668,2.12404559
ssp126,2189,403.604001,2.45422486,2.44791384,2.12350292
ssp126,2190,403.575002,2.43051772,2.44690098,2.12308858
ssp126,2191,403.552996,2.40977431,2.44598677,2.12277402
ssp126,2192,403.532,2.39592352,2.44508876,2.12247389
ssp126,2193,403.505,2.39052387,2.44410227,2.1220882
ssp126,2194,403.473996,2.38754843,2.44306036,2.12164544
ssp126,2195,403.438001,2.39485239,2.44194803,2.12113149
ssp126,2196,403.399,2.42337043,2.44078685,2.12057475
ssp126,2197,403.355995,2.4532279,2.43957311,2.11996086
ssp126,2198,403.309998,2.46958477,2.43831345,2.11930429
ssp126,2199,403.261996,2.46078543,2.43702586,2.1186191
ssp126,2200,403.210996,2.44488381,2.43569305,2.11789114
ssp126,2201,403.158002,2.41807053,2.43433232,2.11713468
ssp126,2202,403.103002,2.4062931,2.43294051,2.11634958
ssp126,2203,403.046,2.39652514,2.43152045,2.11553585
ssp126,2204,402.988004,2.38126734,2.43008565,2.11470786
ssp126,2205,402.928006,2.37473557,2.42861969,2.11385128
ssp126,2206,402.865995,2.36718464,2.42712798,2.11296581
ssp126,2207,402.803996,2.37177624,2.42563095,2.11208053
ssp126,2208,402.739998,2.38858137,2.42410824,2.11116658
ssp126,2209,402.676,2.40743483,2.42258189,2.11025258
ssp126,2210,402.609993,2.42125538,2.42102696,2.10930978
ssp126,2211,402.544001,2.41982063,2.41946891,2.10836715
ssp126,2212,402.477,2.41628959,2.41789926,2.10740994
ssp126,2213,402.409002,2.39922982,2.4163116,2.10643843
ssp126,2214,402.341003,2.3890197,2.41472092,2.10546685
ssp126,2215,402.272001,2.36438482,2.41311848,2.10448076
ssp126,2216,402.202003,2.34963725,2.41149885,2.10348038
ssp126,2217,402.131999,2.34686943,2.40987797,2.10247978
ssp126,2218,402.061999,2.34761845,2.40825694,2.10147913
ssp126,2219,401.991,2.36381389,2.40662117,2.10046407
ssp126,2220,401.919998,2.3897835,2.40498212,2.0994489
ssp126,2221,401.847997,2.40880351,2.40333111,2.09841926
ssp126,2222,401.775996,2.43708101,2.40167678,2.09738953
ssp126,2223,401.703997,2.42257882,2.40002113,2.09635972
ssp126,2224,401.632004,2.39850502,2.39836315,2.0953299
ssp126,2225,401.558998,2.37752927,2.39669204,2.09428541
ssp126,2226,401.486003,2.35219659,2.39502062,2.09324094
ssp126,2227,401.412992,2.34448208,2.3933446,2.09219617
ssp126,2228,401.339999,2.33300052,2.39166831,2.09115152
ssp126,2229,401.266996,2.34181422,2.38999113,2.09010659
ssp126,2230,401.192998,2.36523166,2.38829825,2.08904728
ssp126,2231,401.119998,2.38023408,2.3866183,2.08800213
ssp126,2232,401.046,2.38253354,2.38492255,2.08694256
ssp126,2233,400.971995,2.39042758,2.38322677,2.08588274
ssp126,2234,400.897997,2.37677476,2.38152648,2.08482293
ssp126,2235,400.825005,2.36453034,2.37984178,2.08377736
ssp126,2236,400.750999,2.33935907,2.378139,2.08271718
ssp126,2237,400.676997,2.32832025,2.37643814,2.08165685
ssp126,2238,400.603004,2.32063879,2.37473281,2.08059658
ssp126,2239,400.528999,2.32032219,2.37302634,2.07953599
ssp126,2240,400.454002,2.33123608,2.37130753,2.07846099
ssp126,2241,400.38,2.3602911,2.36959853,2.07740016
ssp126,2242,400.305997,2.38608673,2.36788853,2.07633919
ssp126,2243,400.231997,2.38800367,2.36617947,2.07527809
ssp126,2244,400.158,2.38257613,2.36446738,2.07421693
ssp126,2245,400.084,2.36032513,2.36275258,2.07315559
ssp126,2246,400.009997,2.33748549,2.36103942,2.07209404
ssp126,2247,399.935997,2.32680658,2.35932222,2.07103243
ssp126,2248,399.861997,2.31087025,2.35760393,2.06997068
ssp126,2249,399.788,2.30042914,2.35588571,2.06890879
ssp126,2250,399.714002,2.29212616,2.35416409,2.06784681
ssp126,2251,399.639999,2.28889273,2.35178403,2.06678457
ssp126,2252,399.565997,2.29644836,2.34944951,2.0657222
ssp126,2253,399.492002,2.31492331,2.34720617,2.06465972
ssp126,2254,399.418002,2.33643075,2.34504312,2.06359699
ssp126,2255,399.344002,2.33818203,2.3429555,2.06253404
ssp126,2256,399.269005,2.34212988,2.34091988,2.06145656
ssp126,2257,399.194,2.33585356,2.33894277,2.06037878
ssp126,2258,399.118004,2.31839877,2.33700868,2.05928651
ssp126,2259,399.042,2.30556619,2.33512224,2.05819393
ssp126,2260,398.966001,2.28251463,2.33328012,2.05710124
ssp126,2261,398.889999,2.27041053,2.33148101,2.05600829
ssp126,2262,398.813001,2.26932969,2.32970643,2.05490074
ssp126,2263,398.737002,2.27169882,2.32797594,2.05380744
ssp126,2264,398.660001,2.29116052,2.32626307,2.05269947
ssp126,2265,398.583003,2.31929997,2.32458066,2.05159131
ssp126,2266,398.505997,2.34031871,2.32292298,2.05048284
ssp126,2267,398.428996,2.35999114,2.32128676,2.04937425
ssp126,2268,398.351997,2.33530465,2.31967111,2.0482655
ssp126,2269,398.274996,2.31597428,2.31807715,2.04715649
ssp126,2270,398.198003,2.29070358,2.31650173,2.04604735
ssp126,2271,398.122004,2.27488226,2.31495409,2.04495241
ssp126,2272,398.045001,2.25973335,2.31340843,2.04384274
ssp126,2273,397.968,2.25801925,2.3118785,2.04273288
ssp126,2274,397.891996,2.27274756,2.31037186,2.04163725
ssp126,2275,397.815997,2.29480025,2.30888133,2.04054143
ssp126,2276,397.739001,2.31037157,2.30738366,2.03943106
ssp126,2277,397.662997,2.30850073,2.30591158,2.03833479
ssp126,2278,397.587,2.30339381,2.30444798,2.03723844
ssp126,2279,397.512001,2.28913723,2.30300704,2.03615631
ssp126,2280,397.436,2.2646804,2.30156107,2.03505947
ssp126,2281,397.360997,2.25121676,2.30013609,2.03397689
ssp126,2282,397.284999,2.24514983,2.29870523,2.03287967
ssp126,2283,397.210002,2.24136781,2.29729159,2.03179679
ssp126,2284,397.135002,2.25148761,2.29588921,2.03071361
ssp126,2285,397.061,2.27845173,2.29450306,2.02964471
ssp126,2286,396.985997,2.30695614,2.29310905,2.02856113
ssp126,2287,396.912,2.31546522,2.2917342,2.02749191
ssp126,2288,396.838003,2.31321496,2.29036393,2.0264225
ssp126,2289,396.763997,2.27795627,2.28899925,2.02535276
ssp126,2290,396.69,2.26874302,2.28763831,2.02428296
ssp126,2291,396.616,2.24921399,2.28628012,2.02321293
ssp126,2292,396.543002,2.23252904,2.28494269,2.02215721
ssp126,2293,396.469004,2.22256879,2.28359366,2.02108682
ssp126,2294,396.395999,2.22786915,2.28226159,2.02003063
ssp126,2295,396.323001,2.25271413,2.28093515,2.01897433
ssp126,2296,396.251002,2.27470357,2.279622,2.01793239
ssp126,2297,396.177999,2.29841826,2.2783035,2.01687563
ssp126,2298,396.106003,2.29776096,2.2769982,2.01583334
ssp126,2299,396.033999,2.27737737,2.27569751,2.01479073
ssp126,2300,395.961998,2.27439921,2.27439921,2.01374798
ssp126,2301,395.889999,2.27310258,2.27310258,2.0127051
ssp126,2302,395.817998,2.2718074,2.2718074,2.01166201
ssp126,2303,395.746999,2.27053205,2.27053205,2.01063325
ssp126,2304,395.676002,2.2692582,2.2692582,2.00960436
ssp126,2305,395.603999,2.26797394,2.26797394,2.00856065
ssp126,2306,395.532995,2.26670288,2.26670288,2.00753132
ssp126,2307,395.462997,2.26545074,2.26545074,2.0065164
ssp126,2308,395.391998,2.26418824,2.26418824,2.00548673
ssp126,2309,395.322001,2.2629388,2.2629388,2.00447148
ssp126,2310,395.251002,2.26167896,2.26167896,2.00344148
ssp126,2311,395.180997,2.2604347,2.2604347,2.00242576
ssp126,2312,395.111,2.25919176,2.25919176,2.00140999
ssp126,2313,395.042002,2.25796257,2.25796257,2.00040855
ssp126,2314,394.972003,2.25671591,2.25671591,1.99939242
ssp126,2315,394.902,2.25547258,2.25547258,1.99837605
ssp126,2316,394.832998,2.25424797,2.25424797,1.99737401
ssp126,2317,394.763997,2.25302167,2.25302167,1.9963719
ssp126,2318,394.695,2.25179961,2.25179961,1.99536962
ssp126,2319,394.626002,2.25057885,2.25057885,1.99436718
ssp126,2320,394.556999,2.24935835,2.24935835,1.99336452
ssp126,2321,394.489004,2.24815664,2.24815664,1.99237631
ssp126,2322,394.419998,2.2469414,2.2469414,1.99137325
ssp126,2323,394.352,2.24574108,2.24574108,1.9903847
ssp126,2324,394.283999,2.24454191,2.24454191,1.98939595
ssp126,2325,394.216001,2.24334392,2.24334392,1.98840709
ssp126,2326,394.148003,2.24214992,2.24214992,1.98741803
ssp126,2327,394.080004,2.24095619,2.24095619,1.98642883
ssp126,2328,394.013,2.23977797,2.23977797,1.98545395
ssp126,2329,393.945,2.23858547,2.23858547,1.9844644
ssp126,2330,393.878001,2.23741149,2.23741149,1.98348926
ssp126,2331,393.809995,2.23622383,2.23622383,1.98249929
ssp126,2332,393.742999,2.23505191,2.23505191,1.98152389
ssp126,2333,393.675997,2.23388008,2.23388008,1.98054826
ssp126,2334,393.609998,2.23272588,2.23272588,1.97958705
ssp126,2335,393.543002,2.23155813,2.23155813,1.97861116
ssp126,2336,393.476006,2.23039124,2.23039124,1.97763512
ssp126,2337,393.409996,2.22923972,2.22923972,1.97667333
ssp126,2338,393.343,2.22807386,2.22807386,1.97569699
ssp126,2339,393.276998,2.22692551,2.22692551,1.97473498
ssp126,2340,393.211001,2.22577813,2.22577813,1.97377289
ssp126,2341,393.144997,2.22463147,2.22463147,1.97281055
ssp126,2342,393.078995,2.22348481,2.22348481,1.9718481
ssp126,2343,393.013003,2.22233844,2.22233844,1.97088565
ssp126,2344,392.946996,2.22119551,2.22119551,1.9699228
ssp126,2345,392.880999,2.22005359,2.22005359,1.96895995
ssp126,2346,392.815999,2.2189262,2.2189262,1.96801152
ssp126,2347,392.75,2.21778413,2.21778413,1.96704834
ssp126,2348,392.684998,2.21665737,2.21665737,1.96609958
ssp126,2349,392.619998,2.21553357,2.21553357,1.96515069
ssp126,2350,392.554001,2.21439592,2.21439592,1.96418708
ssp126,2351,392.488998,2.21327277,2.21327277,1.96323786
ssp126,2352,392.424004,2.21215042,2.21215042,1.96228861
ssp126,2353,392.359004,2.21102787,2.21102787,1.96133914
ssp126,2354,392.293999,2.20990815,2.20990815,1.96038942
ssp126,2355,392.228999,2.20878817,2.20878817,1.95943964
ssp126,2356,392.163999,2.20766903,2.20766903,1.95848971
ssp126,2357,392.099996,2.2065643,2.2065643,1.95755422
ssp126,2358,392.034996,2.20544563,2.20544563,1.95660401
ssp126,2359,391.969999,2.20432901,2.20432901,1.95565366
ssp126,2360,391.906003,2.20322473,2.20322473,1.95471787
ssp126,2361,391.841001,2.20210915,2.20210915,1.95376717
ssp126,2362,391.776998,2.20100729,2.20100729,1.95283095
ssp126,2363,391.712,2.19989316,2.19989316,1.95188004
ssp126,2364,391.648003,2.19879709,2.19879709,1.95094358
ssp126,2365,391.583997,2.19770033,2.19770033,1.95000691
ssp126,2366,391.519994,2.1966104,2.1966104,1.94907011
ssp126,2367,391.456001,2.19552273,2.19552273,1.94813331
ssp126,2368,391.392995,2.19445256,2.19445256,1.94721084
ssp126,2369,391.329,2.19336937,2.19336937,1.94627374
ssp126,2370,391.265999,2.19230665,2.19230665,1.94535104
ssp126,2371,391.202998,2.19124326,2.19124326,1.94442824
ssp126,2372,391.139999,2.19018416,2.19018416,1.9435053
ssp126,2373,391.078,2.18914184,2.18914184,1.94259689
ssp126,2374,391.015002,2.18808619,2.18808619,1.94167369
ssp126,2375,390.952998,2.1870465,2.1870465,1.94076495
ssp126,2376,390.891001,2.18601203,2.18601203,1.93985615
ssp126,2377,390.829002,2.1849751,2.1849751,1.93894722
ssp126,2378,390.767001,2.18394234,2.18394234,1.93803808
ssp126,2379,390.705999,2.18292556,2.18292556,1.93714349
ssp126,2380,390.643997,2.18189453,2.18189453,1.9362341
ssp126,2381,390.583,2.18087964,2.18087964,1.93533932
ssp126,2382,390.522003,2.17986522,2.17986522,1.93444442
ssp126,2383,390.461001,2.17885493,2.17885493,1.93354929
ssp126,2384,390.401001,2.17785771,2.17785771,1.93266878
ssp126,2385,390.340004,2.17684923,2.17684923,1.93177347
ssp126,2386,390.279996,2.17585563,2.17585563,1.93089257
ssp126,2387,390.219002,2.17484805,2.17484805,1.92999704
ssp126,2388,390.158999,2.17385633,2.17385633,1.92911597
ssp126,2389,390.098994,2.17286505,2.17286505,1.92823474
ssp126,2390,390.039996,2.17189182,2.17189182,1.92736815
ssp126,2391,389.980003,2.17090442,2.17090442,1.92648683
ssp126,2392,389.921,2.16992909,2.16992909,1.92561997
ssp126,2393,389.861,2.16894317,2.16894317,1.92473829
ssp126,2394,389.802002,2.16797159,2.16797159,1.92387123
ssp126,2395,389.742994,2.16700111,2.16700111,1.9230039
ssp126,2396,389.684003,2.16603417,2.16603417,1.92213667
ssp126,2397,389.625,2.1650646,2.1650646,1.92126918
ssp126,2398,389.566996,2.16411294,2.16411294,1.92041624
ssp126,2399,389.508003,2.1631442,2.1631442,1.91954867
ssp126,2400,389.449997,2.16219325,2.16219325,1.91869547
ssp126,2401,389.392001,2.16124284,2.16124284,1.91784229
ssp126,2402,389.334,2.16029276,2.16029276,1.91698894
ssp126,2403,389.275998,2.1593459,2.1593459,1.91613543
ssp126,2404,389.217997,2.15839655,2.15839655,1.91528184
ssp126,2405,389.161001,2.15746217,2.15746217,1.91444293
ssp126,2406,389.102999,2.15651721,2.15651721,1.91358908
ssp126,2407,389.046,2.15558653,2.15558653,1.91274988
ssp126,2408,388.988998,2.15465615,2.15465615,1.91191053
ssp126,2409,388.931997,2.15372604,2.15372604,1.91107107
ssp126,2410,388.875002,2.15279643,2.15279643,1.91023161
ssp126,2411,388.817998,2.15186698,2.15186698,1.90939189
ssp126,2412,388.762001,2.15095344,2.15095344,1.90856691
ssp126,2413,388.705002,2.15002761,2.15002761,1.907727
ssp126,2414,388.648994,2.14911377,2.14911377,1.90690166
ssp126,2415,388.593002,2.14820341,2.14820341,1.90607639
ssp126,2416,388.535996,2.14727839,2.14727839,1.90523605
ssp126,2417,388.480001,2.14636855,2.14636855,1.90441053
ssp126,2418,388.424998,2.14547358,2.14547358,1.90359954
ssp126,2419,388.369001,2.14456434,2.14456434,1.90277377
ssp126,2420,388.312996,2.14365521,2.14365521,1.90194778
ssp126,2421,388.257996,2.14276122,2.14276122,1.90113651
ssp126,2422,388.202001,2.14185579,2.14185579,1.90031043
ssp126,2423,388.147001,2.14096526,2.14096526,1.89949891
ssp126,2424,388.091998,2.14007199,2.14007199,1.8986873
ssp126,2425,388.037,2.13918198,2.13918198,1.89787561
ssp126,2426,387.982,2.13829146,2.13829146,1.89706379
ssp126,2427,387.927999,2.13741677,2.13741677,1.89626663
ssp126,2428,387.873004,2.13652768,2.13652768,1.89545468
ssp126,2429,387.819003,2.13565349,2.13565349,1.89465731
ssp126,2430,387.764,2.13476685,2.13476685,1.893845
ssp126,2431,387.709996,2.13389305,2.13389305,1.8930474
ssp126,2432,387.655998,2.13302258,2.13302258,1.89224974
ssp126,2433,387.601997,2.13214855,2.13214855,1.89145197
ssp126,2434,387.548002,2.13127859,2.13127859,1.89065415
ssp126,2435,387.494003,2.13040881,2.13040881,1.88985618
ssp126,2436,387.440999,2.12955315,2.12955315,1.88907283
ssp126,2437,387.387001,2.12868375,2.12868375,1.88827466
ssp126,2438,387.334002,2.12782861,2.12782861,1.88749119
ssp126,2439,387.279999,2.12695968,2.12695968,1.88669275
ssp126,2440,387.227,2.12610788,2.12610788,1.88590905
ssp126,2441,387.173996,2.12525418,2.12525418,1.8851252
ssp126,2442,387.121,2.12440287,2.12440287,1.88434134
ssp126,2443,387.067998,2.12354966,2.12354966,1.88355734
ssp126,2444,387.015999,2.12271343,2.12271343,1.88278804
ssp126,2445,386.963005,2.12186276,2.12186276,1.88200393
ssp126,2446,386.910998,2.12102775,2.12102775,1.88123433
ssp126,2447,386.858002,2.12017746,2.12017746,1.88044999
ssp126,2448,386.806005,2.11934223,2.11934223,1.87968035
ssp126,2449,386.754,2.11850701,2.11850701,1.87891051
ssp126,2450,386.702001,2.11767279,2.11767279,1.87814065
ssp126,2451,386.649996,2.11683798,2.11683798,1.87737062
ssp126,2452,386.598005,2.11600649,2.11600649,1.87660066
ssp126,2453,386.546,2.11517205,2.11517205,1.87583044
ssp126,2454,386.494998,2.11435549,2.11435549,1.87507495
ssp126,2455,386.443006,2.11352458,2.11352458,1.8743047
ssp126,2456,386.391996,2.11270536,2.11270536,1.87354895
ssp126,2457,386.340007,2.11187473,2.11187473,1.87277856
ssp126,2458,386.289001,2.11105971,2.11105971,1.87202267
ssp126,2459,386.238004,2.11024421,2.11024421,1.8712668
ssp126,2460,386.186997,2.10942784,2.10942784,1.87051069
ssp126,2461,386.136002,2.10861556,2.10861556,1.86975465
ssp126,2462,386.086001,2.10781533,2.10781533,1.8690133
ssp126,2463,386.034999,2.10700025,2.10700025,1.868257
ssp126,2464,385.983996,2.10618839,2.10618839,1.86750057
ssp126,2465,385.934001,2.10538873,2.10538873,1.86675904
ssp126,2466,385.884,2.10459199,2.10459199,1.8660173
ssp126,2467,385.833,2.10377772,2.10377772,1.86526069
ssp126,2468,385.783,2.10298129,2.10298129,1.86451878
ssp126,2469,385.732999,2.10218424,2.10218424,1.86377679
ssp126,2470,385.682999,2.10138806,2.10138806,1.86303471
ssp126,2471,385.632998,2.10059209,2.10059209,1.86229254
ssp126,2472,385.583997,2.09981112,2.09981112,1.86156513
ssp126,2473,385.533999,2.09901468,2.09901468,1.86082283
ssp126,2474,385.484001,2.09821914,2.09821914,1.86008045
ssp126,2475,385.435,2.09743863,2.09743863,1.85935279
ssp126,2476,385.386002,2.09666028,2.09666028,1.85862504
ssp126,2477,385.336001,2.09586511,2.09586511,1.85788237
ssp126,2478,385.286997,2.09508783,2.09508783,1.85715438
ssp126,2479,385.238001,2.09430709,2.09430709,1.85642646
ssp126,2480,385.189,2.09353016,2.09353016,1.85569835
ssp126,2481,385.140004,2.09274966,2.09274966,1.85497026
ssp126,2482,385.092,2.09198775,2.09198775,1.85425681
ssp126,2483,385.043002,2.09121025,2.09121025,1.85352848
ssp126,2484,384.995,2.09044863,2.09044863,1.8528149
ssp126,2485,384.945999,2.08967148,2.08967148,1.85208638
ssp126,2486,384.897997,2.08891008,2.08891008,1.85137263
ssp126,2487,384.849002,2.08813325,2.08813325,1.85064402
ssp126,2488,384.801,2.08737127,2.08737127,1.84993012
ssp126,2489,384.753001,2.0866102,2.0866102,1.84921617
ssp126,2490,384.705002,2.08585142,2.08585142,1.84850211
ssp126,2491,384.657005,2.08509068,2.08509068,1.84778804
ssp126,2492,384.610001,2.084344,2.084344,1.84708866
ssp126,2493,384.561997,2.08358546,2.08358546,1.84637429
ssp126,2494,384.514,2.08282424,2.08282424,1.84565998
ssp126,2495,384.466998,2.08208164,2.08208164,1.84496037
ssp126,2496,384.418999,2.08132341,2.08132341,1.84424583
ssp126,2497,384.371999,2.08057733,2.08057733,1.84354613
ssp126,2498,384.324999,2.07983426,2.07983426,1.84284632
ssp126,2499,384.278,2.07909216,2.07909216,1.84214644
ssp126,2500,384.254,2.07871432,2.07871432,1.84178901
ssp245,1750,277.147003,0.259367068,0,0
ssp245,1751,277.188001,0.242788114,0.001756263,0.000823549
ssp245,1752,277.229001,0.214655617,0.00369797,0.001647036
ssp245,1753,277.263,0.179488272,0.004707139,0.002329817
ssp245,1754,277.304003,0.145353885,0.004987226,0.003153146
ssp245,1755,277.351003,0.098651144,0.00703343,0.004096748
ssp245,1756,277.389,-0.133032153,0.008562432,0.004859497
ssp245,1757,277.441999,0.016012389,0.008843661,0.005923233
ssp245,1758,277.489001,0.147192448,0.010441407,0.006866449
ssp245,1759,277.539998,0.226591085,0.011487358,0.007889672
ssp245,1760,277.605003,0.261231482,0.011816783,0.009193695
ssp245,1761,277.663999,0.259795206,0.013356894,0.01037692
ssp245,1762,277.732002,-0.664034413,0.015655135,0.011740518
ssp245,1763,277.795998,-0.415601766,0.017507469,0.013023458
ssp245,1764,277.859004,-0.048122205,0.020829214,0.0142863
ssp245,1765,277.913,0.070897668,0.021064017,0.015368335
ssp245,1766,277.958,-0.229307493,0.02304658,0.016269969
ssp245,1767,278.016998,-0.265746612,0.024977115,0.017451845
ssp245,1768,278.077995,0.049881921,0.024859738,0.018673525
ssp245,1769,278.135005,0.221123065,0.026963906,0.019815112
ssp245,1770,278.193998,0.158125581,0.0284695,0.02099619
ssp245,1771,278.270002,0.20679169,0.032155605,0.022517504
ssp245,1772,278.334,0.248712785,0.034802076,0.023798201
ssp245,1773,278.411995,0.237596245,0.036707251,0.025358641
ssp245,1774,278.491,0.204710986,0.036778843,0.026938866
ssp245,1775,278.586004,0.174756172,0.039927799,0.028838548
ssp245,1776,278.682999,0.157259871,0.042705085,0.030777429
ssp245,1777,278.773997,0.163114045,0.044456845,0.032595871
ssp245,1778,278.866,0.209072943,0.045683078,0.034433829
ssp245,1779,278.959002,0.283348935,0.048521798,0.036291184
ssp245,1780,279.054003,0.327445436,0.049830276,0.038187868
ssp245,1781,279.144999,0.329656163,0.05219324,0.040004025
ssp245,1782,279.243001,0.308001709,0.054827636,0.041959409
ssp245,1783,279.339999,-1.51950425,0.057058888,0.043894127
ssp245,1784,279.434001,-3.44041412,0.060112981,0.045768496
ssp245,1785,279.532003,-1.31130381,0.061087427,0.047722011
ssp245,1786,279.629,-0.492673872,0.063551614,0.049654877
ssp245,1787,279.729001,-0.086369104,0.065039304,0.051646949
ssp245,1788,279.830999,0.167807172,0.065935378,0.053678115
ssp245,1789,279.932999,0.315426492,0.068959659,0.055708645
ssp245,1790,280.037003,0.366678876,0.071274577,0.057778368
ssp245,1791,280.140999,0.36298785,0.074371629,0.059847231
ssp245,1792,280.240997,0.349870689,0.076971788,0.061835891
ssp245,1793,280.331998,0.321899915,0.078955507,0.063645066
ssp245,1794,280.415001,0.286532022,0.079176076,0.065294756
ssp245,1795,280.491997,0.251409469,0.081854205,0.066824664
ssp245,1796,280.554995,0.090001781,0.083891729,0.068076159
ssp245,1797,280.623001,-0.033018026,0.084844618,0.069426834
ssp245,1798,280.682004,0.056002925,0.085756307,0.070598468
ssp245,1799,280.752998,0.143443087,0.087860297,0.072007897
ssp245,1800,280.833997,0.192958705,0.08912129,0.073615555
ssp245,1801,280.918999,0.23566036,0.091752613,0.075302189
ssp245,1802,280.993996,0.268337863,0.092857357,0.076789911
ssp245,1803,281.072995,0.289747046,0.095953737,0.078356655
ssp245,1804,281.156998,0.29484214,0.098384119,0.080022161
ssp245,1805,281.233996,0.287677634,0.099638725,0.081548406
ssp245,1806,281.322001,0.275813458,0.102208227,0.083292345
ssp245,1807,281.409002,0.257594437,0.104021288,0.085015884
ssp245,1808,281.496,0.237395252,0.105470788,0.086738879
ssp245,1809,281.565997,-3.33083486,0.108205003,0.088124842
ssp245,1810,281.648003,-2.29017827,0.110419986,0.089748159
ssp245,1811,281.717997,-0.69056559,0.113200038,0.09113338
ssp245,1812,281.789998,-0.088925059,0.115828947,0.092557987
ssp245,1813,281.858002,0.130637583,0.117734597,0.093903202
ssp245,1814,281.931005,0.219753506,0.117983723,0.095346984
ssp245,1815,281.991997,-3.25206267,0.120379554,0.096552995
ssp245,1816,282.059001,-4.22601614,0.12182814,0.097877575
ssp245,1817,282.127001,-1.41327998,0.123522992,0.099221563
ssp245,1818,282.199999,-0.295530995,0.124545621,0.100663981
ssp245,1819,282.272006,0.079272084,0.127157035,0.102086437
ssp245,1820,282.346001,0.192818414,0.128131348,0.103547876
ssp245,1821,282.415004,0.118515613,0.130088114,0.104910394
ssp245,1822,282.477,0.113929858,0.131864655,0.106134314
ssp245,1823,282.540001,-0.222103917,0.133733595,0.107377814
ssp245,1824,282.617996,0.031987002,0.135795743,0.108916918
ssp245,1825,282.676,0.202594997,0.136239768,0.110061326
ssp245,1826,282.692998,0.286902678,0.137353301,0.110396748
ssp245,1827,282.692996,0.327418825,0.136615832,0.110396809
ssp245,1828,282.708003,0.339526382,0.135645978,0.11069289
ssp245,1829,282.760996,0.334322889,0.137571318,0.111738122
ssp245,1830,282.824999,0.313130025,0.135473642,0.113000237
ssp245,1831,282.890996,-2.14049609,0.138579172,0.114301406
ssp245,1832,282.921997,-1.41891638,0.139303432,0.114912636
ssp245,1833,282.965998,-0.355091548,0.139413985,0.115780007
ssp245,1834,283.028,0.046924787,0.138740062,0.11700213
ssp245,1835,283.085999,-1.56239446,0.140092107,0.118145105
ssp245,1836,283.149,-0.909410803,0.138421501,0.119386371
ssp245,1837,283.198001,-0.061583694,0.138651201,0.120351596
ssp245,1838,283.253003,0.246881653,0.137877164,0.121434662
ssp245,1839,283.311,0.334963088,0.138487697,0.122576461
ssp245,1840,283.382001,0.346484826,0.138408082,0.123974135
ssp245,1841,283.466998,0.325506113,0.138786495,0.125646976
ssp245,1842,283.528,0.294683261,0.138973992,0.126847365
ssp245,1843,283.566002,0.267168924,0.140496831,0.127594813
ssp245,1844,283.608999,0.249488034,0.140915996,0.128440355
ssp245,1845,283.724996,0.248448246,0.14097865,0.130721184
ssp245,1846,283.847,0.082645907,0.14495819,0.133118939
ssp245,1847,283.936,0.150871692,0.144517965,0.134867398
ssp245,1848,284.067998,0.244821927,0.145428455,0.137459806
ssp245,1849,284.206998,0.288961076,0.14729175,0.140188526
ssp245,1850,284.316999,0.310824461,0.146519275,0.142347045
ssp245,1851,284.451004,0.312119404,0.149707599,0.144975578
ssp245,1852,284.598002,0.309022319,0.152194204,0.147857663
ssp245,1853,284.730998,0.136887502,0.153837252,0.150463935
ssp245,1854,284.845998,0.089025719,0.149828656,0.152716599
ssp245,1855,284.940999,0.210728567,0.153003818,0.154576796
ssp245,1856,285.048993,0.218082292,0.153437416,0.156690742
ssp245,1857,285.204,0.059697689,0.156156732,0.159723814
ssp245,1858,285.369001,0.210699547,0.159183199,0.162950841
ssp245,1859,285.544996,0.294072222,0.161081334,0.166390803
ssp245,1860,285.738993,0.328347827,0.161513798,0.170180332
ssp245,1861,285.933001,0.268895709,0.16471651,0.173967585
ssp245,1862,286.100001,-0.478745502,0.169373414,0.177225628
ssp245,1863,286.271001,-0.118091175,0.171992689,0.180559966
ssp245,1864,286.442001,0.173190366,0.173752939,0.183892469
ssp245,1865,286.613996,0.273453037,0.174765202,0.187242443
ssp245,1866,286.780998,0.306345499,0.179062167,0.190493343
ssp245,1867,286.955002,0.312878451,0.179720182,0.193878689
ssp245,1868,287.105001,0.328616942,0.182197615,0.196795336
ssp245,1869,287.224999,0.348082439,0.182552342,0.199127489
ssp245,1870,287.354998,0.351102048,0.183645024,0.201653103
ssp245,1871,287.494001,0.361846042,0.183325057,0.204352384
ssp245,1872,287.663996,0.351283457,0.179857167,0.207652059
ssp245,1873,287.860001,0.134261403,0.177156221,0.211454436
ssp245,1874,288.061,0.25101457,0.185081207,0.215351248
ssp245,1875,288.291003,0.253199158,0.185255714,0.219807362
ssp245,1876,288.519997,0.258610477,0.18669111,0.224240713
ssp245,1877,288.752001,0.294559915,0.187711597,0.228729132
ssp245,1878,288.993001,0.30749664,0.191507838,0.233388011
ssp245,1879,289.221001,0.309906527,0.18848352,0.237792253
ssp245,1880,289.469999,0.27958636,0.180519904,0.242598499
ssp245,1881,289.736997,0.29525976,0.181177488,0.247748095
ssp245,1882,290.019002,0.329459931,0.180118131,0.25318238
ssp245,1883,290.263,-0.188130277,0.17752229,0.257880277
ssp245,1884,290.511999,-1.65271067,0.180211637,0.262670687
ssp245,1885,290.796997,-0.489360153,0.184997347,0.268149143
ssp245,1886,291.099996,0.057618408,0.191628993,0.273968261
ssp245,1887,291.413999,0.108548126,0.192457584,0.279992719
ssp245,1888,291.763,0.256148249,0.183993479,0.286681833
ssp245,1889,292.113001,0.314911152,0.193364428,0.29338254
ssp245,1890,292.457998,0.195445583,0.185952851,0.299980336
ssp245,1891,292.815999,0.048696662,0.18640592,0.306819333
ssp245,1892,293.167,0.254992669,0.191836929,0.313516961
ssp245,1893,293.477,0.390238938,0.201855433,0.319425909
ssp245,1894,293.790998,0.4164758,0.201867755,0.325405044
ssp245,1895,294.078997,0.393319384,0.197199597,0.330883807
ssp245,1896,294.364998,0.366210371,0.195614329,0.336319851
ssp245,1897,294.645999,0.343646047,0.189452072,0.341656073
ssp245,1898,294.954,0.329146621,0.182639366,0.347499709
ssp245,1899,295.299998,0.304648059,0.167306291,0.354057399
ssp245,1900,295.674995,0.29359788,0.161562674,0.361156779
ssp245,1901,296.006999,0.28028533,0.157386456,0.367435048
ssp245,1902,296.324999,0.178577121,0.15608961,0.373441717
ssp245,1903,296.653997,-0.61984679,0.138675526,0.379649516
ssp245,1904,296.953995,-0.139973277,0.140838754,0.385304501
ssp245,1905,297.288996,0.174575233,0.128175451,0.391613307
ssp245,1906,297.661997,0.290421799,0.122655411,0.398630192
ssp245,1907,298.097995,0.140105645,0.098227754,0.40682203
ssp245,1908,298.51799,0.241788889,0.128056102,0.414702322
ssp245,1909,298.935992,0.284108629,0.121221134,0.422534951
ssp245,1910,299.376996,0.266237486,0.115971019,0.430787545
ssp245,1911,299.828992,0.258777693,0.12667367,0.439233831
ssp245,1912,300.352992,-0.192128559,0.122339744,0.449012375
ssp245,1913,300.909993,-0.263736199,0.110342093,0.459389268
ssp245,1914,301.418991,0.128079595,0.158630435,0.468855947
ssp245,1915,301.936989,0.325526971,0.172588424,0.478475109
ssp245,1916,302.484988,0.361446296,0.15144233,0.488635611
ssp245,1917,303.010989,0.377756631,0.14566804,0.498371797
ssp245,1918,303.448987,0.397720814,0.162063757,0.506467787
ssp245,1919,303.813988,0.442648858,0.239844438,0.513207387
ssp245,1920,304.245987,0.380148595,0.208546333,0.521174253
ssp245,1921,304.599988,0.4395535,0.287346953,0.527694471
ssp245,1922,304.944982,0.308577332,0.275488178,0.534041822
ssp245,1923,305.270983,0.281350582,0.219006321,0.540031826
ssp245,1924,305.629984,0.370615851,0.232855922,0.54662335
ssp245,1925,305.812981,0.391280217,0.232616963,0.549980803
ssp245,1926,305.953985,0.420639767,0.23390013,0.552566519
ssp245,1927,306.176987,0.419956471,0.209761519,0.556653841
ssp245,1928,306.32898,0.38759358,0.217583404,0.559437428
ssp245,1929,306.494987,0.2012564,0.19401158,0.562476715
ssp245,1930,306.619977,0.416798475,0.237882726,0.564764001
ssp245,1931,306.821983,0.467402575,0.303714334,0.56845762
ssp245,1932,307.092979,0.370299951,0.367536595,0.573410874
ssp245,1933,307.40198,0.458818998,0.355154009,0.579053443
ssp245,1934,307.784983,0.472319142,0.325187091,0.586041125
ssp245,1935,308.22698,0.47708508,0.303606182,0.594095074
ssp245,1936,309.011973,0.517185378,0.286317731,0.608373553
ssp245,1937,309.763975,0.49974745,0.26586234,0.622020125
ssp245,1938,310.293976,0.540716251,0.317545453,0.631618597
ssp245,1939,310.850975,0.518759599,0.298771337,0.64169047
ssp245,1940,311.356977,0.463542351,0.263260895,0.650825128
ssp245,1941,311.810974,0.438478072,0.254193653,0.659008869
ssp245,1942,312.171977,0.418371952,0.25284912,0.665507422
ssp245,1943,312.389979,0.400072241,0.253501427,0.669422105
ssp245,1944,312.412972,0.419875859,0.268407044,0.669832834
ssp245,1945,312.384977,0.525887912,0.339337221,0.669326227
ssp245,1946,312.389971,0.556618052,0.353319455,0.669413442
ssp245,1947,312.485972,0.547685437,0.29920231,0.671139122
ssp245,1948,312.520968,0.546266864,0.282524369,0.671767887
ssp245,1949,312.631971,0.559621136,0.311215303,0.67376315
ssp245,1950,312.820976,0.474599199,0.260160368,0.677158085
ssp245,1951,313.013972,0.413477145,0.243851031,0.680623044
ssp245,1952,313.341977,0.414575793,0.247285261,0.686507944
ssp245,1953,313.729968,0.404421928,0.250515423,0.69346019
ssp245,1954,314.094968,0.416652182,0.2629193,0.699994297
ssp245,1955,314.41497,0.402009835,0.221308805,0.705715604
ssp245,1956,314.697968,0.431574299,0.191069172,0.710769672
ssp245,1957,314.991961,0.473615447,0.177506105,0.716016098
ssp245,1958,315.344966,0.490932773,0.187755919,0.722311449
ssp245,1959,315.806966,0.442259245,0.171097578,0.730542582
ssp245,1960,316.624967,0.415764878,0.166652919,0.745090451
ssp245,1961,317.298963,0.289636333,0.091889853,0.75705023
ssp245,1962,318.043963,0.111786054,0.103420143,0.770242964
ssp245,1963,318.649963,-0.63469637,0.103205802,0.780951733
ssp245,1964,319.332962,-0.546284146,0.101471053,0.792999842
ssp245,1965,319.815961,-0.213572606,0.103616204,0.801503982
ssp245,1966,320.879957,0.235806088,0.117724163,0.820202221
ssp245,1967,321.479958,0.107530174,0.150979357,0.830718461
ssp245,1968,322.388957,0.204090108,0.153341422,0.846619614
ssp245,1969,323.250956,0.291803716,0.164337093,0.861660248
ssp245,1970,324.782956,0.299550842,0.166098886,0.888306357
ssp245,1971,325.399956,0.191976148,0.198241558,0.899000858
ssp245,1972,327.348953,0.301156356,0.227947169,0.932677572
ssp245,1973,329.908951,0.404258532,0.253707649,0.97663716
ssp245,1974,330.755953,0.388499602,0.304505418,0.991107189
ssp245,1975,330.826955,0.124523236,0.347976718,0.992310178
ssp245,1976,331.54495,0.359449582,0.339787091,1.00454518
ssp245,1977,333.352946,0.520567383,0.385137679,1.0352617
ssp245,1978,335.009949,0.637580426,0.433825855,1.0632785
ssp245,1979,336.604947,0.706597426,0.467396316,1.09012689
ssp245,1980,338.704946,0.720325335,0.526889785,1.12530278
ssp245,1981,340.05895,0.762805854,0.600280291,1.14787264
ssp245,1982,340.643941,0.533054386,0.646020365,1.15759014
ssp245,1983,342.265948,0.072857728,0.708827662,1.18447874
ssp245,1984,344.007947,0.50694657,0.745212528,1.21322786
ssp245,1985,345.458954,0.749419331,0.787716202,1.23706994
ssp245,1986,346.902946,0.806277025,0.830883097,1.26070529
ssp245,1987,348.774946,0.91382896,0.865245085,1.29121782
ssp245,1988,351.275932,1.06421476,0.92252942,1.33175665
ssp245,1989,352.893923,1.20505072,0.969141524,1.35782563
ssp245,1990,354.072932,1.23339996,1.01074614,1.37675376
ssp245,1991,355.352938,0.713663151,1.04833929,1.39724855
ssp245,1992,356.228948,-0.510439656,1.11375903,1.41123293
ssp245,1993,356.92496,0.341187101,1.14775448,1.42232204
ssp245,1994,358.25396,1.09538585,1.19583255,1.44344174
ssp245,1995,360.238955,1.32203921,1.26140939,1.47487083
ssp245,1996,362.004962,1.42411091,1.31529624,1.50268352
ssp245,1997,363.251956,1.47567722,1.32924047,1.52224317
ssp245,1998,365.932955,1.60850011,1.41097791,1.56412563
ssp245,1999,367.844978,1.73309837,1.4989184,1.59381719
ssp245,2000,369.124975,1.78552229,1.52490041,1.61359987
ssp245,2001,370.672989,1.79817635,1.55185545,1.63745864
ssp245,2002,372.834994,1.8533745,1.59608578,1.67064359
ssp245,2003,375.410998,1.80124534,1.61670154,1.70996038
ssp245,2004,376.987002,1.77797783,1.613467,1.73388657
ssp245,2005,378.907008,1.73664331,1.6206865,1.76291317
ssp245,2006,381.010007,1.73422801,1.64953117,1.79455584
ssp245,2007,382.60302,1.7675046,1.69745572,1.81841661
ssp245,2008,384.739019,1.83865343,1.75922739,1.85027109
ssp245,2009,386.280022,1.8804231,1.82765228,1.8731523
ssp245,2010,388.717031,1.99413816,1.88791117,1.90917914
ssp245,2011,390.944021,2.03203345,1.92036901,1.94191537
ssp245,2012,393.015991,2.12662572,1.97097487,1.9722262
ssp245,2013,395.724978,2.2141263,2.03121078,2.01164737
ssp245,2014,397.546979,2.24580988,2.07089676,2.03800698
ssp245,2015,399.949099,2.35467641,2.22364746,2.07260219
ssp245,2016,403.116964,2.38951758,2.30925098,2.11796878
ssp245,2017,405.76196,2.45015751,2.3937481,2.15560525
ssp245,2018,408.631966,2.51552334,2.47709274,2.19619657
ssp245,2019,411.505966,2.58388867,2.56014123,2.23658969
ssp245,2020,414.389964,2.65851477,2.64354093,2.27687071
ssp245,2021,417.286957,2.73050188,2.69298,2.31708203
ssp245,2022,420.197965,2.80519065,2.74181079,2.35723774
ssp245,2023,423.124959,2.86187987,2.78988931,2.39736467
ssp245,2024,426.06896,2.90426743,2.83739905,2.43747601
ssp245,2025,429.029958,2.92926819,2.88444479,2.47757077
ssp245,2026,432.010961,2.9509851,2.93114688,2.51768849
ssp245,2027,435.01196,2.97181574,2.97741515,2.5578275
ssp245,2028,438.032956,3.00737945,3.0231882,2.59798621
ssp245,2029,441.076958,3.03584488,3.06863175,2.63820281
ssp245,2030,444.14296,3.07194948,3.11381491,2.67846188
ssp245,2031,447.231959,3.11793167,3.16873021,2.71877451
ssp245,2032,450.332954,3.1742622,3.22306998,2.75899633
ssp245,2033,453.434954,3.24942171,3.27640383,2.79898658
ssp245,2034,456.540962,3.34019704,3.32889921,2.83878673
ssp245,2035,459.65196,3.39654085,3.38067907,2.87841164
ssp245,2036,462.769956,3.46480524,3.43187687,2.91788864
ssp245,2037,465.896955,3.49837732,3.48258379,2.95724453
ssp245,2038,469.032959,3.54797504,3.53286799,2.99648049
ssp245,2039,472.178958,3.57335721,3.58279038,3.03560976
ssp245,2040,475.33596,3.59984574,3.63240807,3.07464577
ssp245,2041,478.503957,3.629506,3.68230307,3.11358891
ssp245,2042,481.673955,3.67338993,3.7317586,3.15233036
ssp245,2043,484.837957,3.72487172,3.78057239,3.19077572
ssp245,2044,487.995954,3.78551076,3.82879632,3.22892896
ssp245,2045,491.149951,3.86934487,3.87649237,3.26681828
ssp245,2046,494.29996,3.94109389,3.92369872,3.30444724
ssp245,2047,497.446958,4.01532634,3.97046273,3.34183102
ssp245,2048,500.591954,4.06432971,4.01683171,3.3789846
ssp245,2049,503.733958,4.08803658,4.0628244,3.41589935
ssp245,2050,506.874954,4.09918251,4.10849199,3.45260152
ssp245,2051,510.013952,4.12135109,4.14768021,3.48908216
ssp245,2052,513.13696,4.14434646,4.18634829,3.52518274
ssp245,2053,516.22996,4.17112539,4.22436398,3.56074765
ssp245,2054,519.291957,4.21279205,4.26172412,3.59577319
ssp245,2055,522.325958,4.27046448,4.29848168,3.63030114
ssp245,2056,525.33196,4.33253066,4.33465736,3.66433825
ssp245,2057,528.309957,4.36891309,4.37027119,3.69789123
ssp245,2058,531.260961,4.40827824,4.40534819,3.7309779
ssp245,2059,534.185959,4.44608274,4.43992568,3.76361538
ssp245,2060,537.084956,4.45865008,4.47401686,3.79580955
ssp245,2061,539.957962,4.47090746,4.50451428,3.8275663
ssp245,2062,542.794952,4.48591555,4.53452407,3.85878104
ssp245,2063,545.58695,4.51018615,4.56409933,3.88936253
ssp245,2064,548.334951,4.53736937,4.59324375,3.91932963
ssp245,2065,551.038961,4.57252088,4.62196464,3.94868995
ssp245,2066,553.699951,4.62939409,4.65026216,3.97746135
ssp245,2067,556.318955,4.68281316,4.67814734,4.00566191
ssp245,2068,558.894953,4.72441839,4.70560475,4.03328729
ssp245,2069,561.430959,4.74575009,4.73267589,4.06037626
ssp245,2070,563.924957,4.75661202,4.75932306,4.08691331
ssp245,2071,566.379959,4.75987118,4.7850951,4.11293648
ssp245,2072,568.771962,4.77407089,4.81018892,4.13819809
ssp245,2073,571.082962,4.79013444,4.83436676,4.16251694
ssp245,2074,573.31396,4.80157288,4.85763548,4.1859133
ssp245,2075,575.465968,4.81913266,4.88001337,4.20840677
ssp245,2076,577.539968,4.83579443,4.90151223,4.23001634
ssp245,2077,579.536962,4.86280551,4.92216368,4.25076025
ssp245,2078,581.457972,4.90052278,4.94197943,4.27065685
ssp245,2079,583.303965,4.93888765,4.96098231,4.28972311
ssp245,2080,585.073969,4.9706781,4.9791628,4.3079559
ssp245,2081,586.769969,4.99196664,4.99869057,4.32538188
ssp245,2082,588.37796,5.00959864,5.01740644,4.34186328
ssp245,2083,589.885971,5.01307957,5.03530284,4.35728417
ssp245,2084,591.295975,5.02351368,5.0524141,4.37167147
ssp245,2085,592.608978,5.01819572,5.06874281,4.3850418
ssp245,2086,593.824966,5.02178657,5.08428208,4.39740088
ssp245,2087,594.944977,5.03557919,5.099046,4.4087645
ssp245,2088,595.969976,5.05124553,5.11302136,4.41914737
ssp245,2089,596.899979,5.08113739,5.12622304,4.42855394
ssp245,2090,597.734975,5.12127512,5.13862998,4.43698801
ssp245,2091,598.476985,5.15050018,5.14744139,4.44447343
ssp245,2092,599.149984,5.18523783,5.15566111,4.45125534
ssp245,2093,599.775986,5.1820953,5.16348029,4.4575578
ssp245,2094,600.354981,5.16726079,5.17091239,4.46338184
ssp245,2095,600.885981,5.15660286,5.17793022,4.4687188
ssp245,2096,601.365987,5.14251618,5.18450621,4.47353961
ssp245,2097,601.796982,5.1416066,5.19065164,4.47786527
ssp245,2098,602.176987,5.14075113,5.19635204,4.48167675
ssp245,2099,602.504979,5.15548937,5.20158401,4.4849647
ssp245,2100,602.781982,5.18216357,5.20635357,4.48774012
ssp245,2101,603.004984,5.21144348,5.20979011,4.48997323
ssp245,2102,603.217987,5.21328437,5.21305706,4.49210596
ssp245,2103,603.458984,5.21566734,5.21646497,4.49451897
ssp245,2104,603.723989,5.20801941,5.21997972,4.49717207
ssp245,2105,604.011983,5.19040761,5.22359835,4.50005478
ssp245,2106,604.321986,5.18202692,5.22731533,4.50315707
ssp245,2107,604.649984,5.17587934,5.23110259,4.5064383
ssp245,2108,604.995987,5.17868409,5.23495863,4.5098984
ssp245,2109,605.356979,5.18900504,5.23886211,4.51350684
ssp245,2110,605.733983,5.21365672,5.24282477,4.51727378
ssp245,2111,606.123988,5.2608923,5.24682646,4.52116881
ssp245,2112,606.526988,5.26688449,5.25087005,4.52519156
ssp245,2113,606.941986,5.27345657,5.2549432,4.52933194
ssp245,2114,607.366984,5.25270083,5.25903907,4.53356982
ssp245,2115,607.802989,5.2495007,5.2631642,4.53791497
ssp245,2116,608.247986,5.23246883,5.26730024,4.5423473
ssp245,2117,608.700989,5.2255286,5.27144321,4.54685664
ssp245,2118,609.162989,5.22256481,5.27560629,4.55145279
ssp245,2119,609.63298,5.22698419,5.27978298,4.55612549
ssp245,2120,610.109985,5.25093409,5.28395886,4.56086505
ssp245,2121,610.592992,5.28585098,5.28813532,4.56566112
ssp245,2122,611.081991,5.32275048,5.29231288,4.57051346
ssp245,2123,611.577983,5.30809315,5.29649263,4.575432
ssp245,2124,612.078995,5.31667692,5.30067458,4.58039703
ssp245,2125,612.584992,5.29405362,5.30484528,4.5854081
ssp245,2126,613.094996,5.27473028,5.30899873,4.59045537
ssp245,2127,613.610982,5.26701196,5.31316417,4.59555834
ssp245,2128,614.129974,5.26142069,5.31730279,4.60068743
ssp245,2129,614.653987,5.26809911,5.3214449,4.60586253
ssp245,2130,615.18099,5.29211013,5.32556393,4.61106352
ssp245,2131,615.711995,5.34774931,5.32967896,4.61630025
ssp245,2132,616.245997,5.35996285,5.33377836,4.62156279
ssp245,2133,616.783997,5.37374904,5.33786798,4.62686085
ssp245,2134,617.32399,5.36091926,5.34193493,4.63217465
ssp245,2135,617.866994,5.33942624,5.34598386,4.63751432
ssp245,2136,618.412994,5.31296751,5.35002946,4.64287939
ssp245,2137,618.960993,5.30760722,5.35404153,4.64826028
ssp245,2138,619.511993,5.30243795,5.3580504,4.65366651
ssp245,2139,620.06399,5.3019678,5.36201864,4.65907856
ssp245,2140,620.618983,5.309255,5.36598566,4.66451599
ssp245,2141,621.175995,5.33375994,5.3699247,4.66996909
ssp245,2142,621.733999,5.35906208,5.3738395,4.67542779
ssp245,2143,622.294983,5.36587462,5.37774623,4.68091158
ssp245,2144,622.856984,5.37448486,5.38162255,4.68640116
ssp245,2145,623.419998,5.37476256,5.38547238,4.69189653
ssp245,2146,623.98499,5.36014998,5.38930807,4.69740703
ssp245,2147,624.550985,5.36186292,5.39311341,4.70292309
ssp245,2148,625.118988,5.35320593,5.39690239,4.7084546
ssp245,2149,625.686986,5.35024054,5.4006585,4.71398185
ssp245,2150,626.256999,5.35084897,5.40440116,4.71952445
ssp245,2151,626.827988,5.35505682,5.40813898,4.72507239
ssp245,2152,627.393992,5.37692401,5.41182345,4.73056773
ssp245,2153,627.948985,5.4154888,5.41540314,4.73595215
ssp245,2154,628.493988,5.44562789,5.41887498,4.74123582
ssp245,2155,629.026998,5.44794198,5.42222417,4.74639964
ssp245,2156,629.550985,5.44625623,5.42548912,4.75147252
ssp245,2157,630.064,5.43289306,5.42863478,4.75643591
ssp245,2158,630.566991,5.41208004,5.43168339,4.761299
ssp245,2159,631.060984,5.39543215,5.43464556,4.76607208
ssp245,2160,631.543996,5.38763822,5.4374929,4.77073612
ssp245,2161,632.016983,5.39157254,5.44024474,4.77530064
ssp245,2162,632.480993,5.4121771,5.44291051,4.77977573
ssp245,2163,632.933996,5.45084256,5.44546552,4.78414222
ssp245,2164,633.377986,5.48834176,5.44793235,4.78841939
ssp245,2165,633.812993,5.47966141,5.4503173,4.79260769
ssp245,2166,634.237996,5.48731283,5.45260468,4.79669746
ssp245,2167,634.65299,5.45571506,5.45479475,4.80068882
ssp245,2168,635.058985,5.43371928,5.45689492,4.80459174
ssp245,2169,635.454987,5.4185124,5.45890722,4.80839661
ssp245,2170,635.841995,5.41066355,5.46082353,4.81211339
ssp245,2171,636.219004,5.4099226,5.46264988,4.81573247
ssp245,2172,636.587001,5.42194103,5.46439635,4.81926345
ssp245,2173,636.944997,5.45470799,5.46603986,4.82269701
ssp245,2174,637.293991,5.47448466,5.46760415,4.82604283
ssp245,2175,637.633987,5.49209517,5.46907956,4.82930119
ssp245,2176,637.963999,5.49419986,5.47046944,4.83246257
ssp245,2177,638.284983,5.4792403,5.47176603,4.83553633
ssp245,2178,638.597,5.45715819,5.47298209,4.83852328
ssp245,2179,638.898992,5.44422072,5.47411216,4.84141322
ssp245,2180,639.191996,5.42969449,5.47514773,4.84421637
ssp245,2181,639.475001,5.42129588,5.47609851,4.84692297
ssp245,2182,639.749995,5.41395161,5.47697147,4.84955231
ssp245,2183,640.014994,5.41144244,5.47775955,4.85208536
ssp245,2184,640.269999,5.41589694,5.47845063,4.85452241
ssp245,2185,640.516993,5.43059019,5.4790698,4.85688228
ssp245,2186,640.753993,5.46410528,5.47959226,4.85914633
ssp245,2187,640.98199,5.46989331,5.48003992,4.86132391
ssp245,2188,641.199987,5.47981393,5.48039148,4.8634058
ssp245,2189,641.410004,5.48698236,5.48067134,4.86541111
ssp245,2190,641.60999,5.46447147,5.48085473,4.86732058
ssp245,2191,641.80099,5.44475144,5.4809639,4.86914404
ssp245,2192,641.98199,5.43181431,5.48097955,4.870872
ssp245,2193,642.154994,5.42734273,5.48092112,4.8725236
ssp245,2194,642.317993,5.42526494,5.48077687,4.87407979
ssp245,2195,642.472,5.43345367,5.48054932,4.87555025
ssp245,2196,642.616999,5.46282184,5.48023826,4.87693488
ssp245,2197,642.751999,5.49348901,5.47983422,4.87822432
ssp245,2198,642.878993,5.51062803,5.47935671,4.87943756
ssp245,2199,642.995992,5.50255586,5.47879629,4.88055564
ssp245,2200,643.103994,5.48734368,5.47815292,4.88158818
ssp245,2201,643.202993,5.46116942,5.47743121,4.88253526
ssp245,2202,643.291997,5.4499649,5.47661231,4.88338731
ssp245,2203,643.372991,5.44073218,5.4757275,4.88416329
ssp245,2204,643.443995,5.42593201,5.47475032,4.88484443
ssp245,2205,643.505992,5.41980894,5.47369306,4.88544
ssp245,2206,643.558996,5.41261395,5.47255729,4.88595034
ssp245,2207,643.602992,5.41748679,5.4713415,4.88637514
ssp245,2208,643.63799,5.43451623,5.47004309,4.8867146
ssp245,2209,643.663005,5.45350586,5.46865291,4.88695937
ssp245,2210,643.679988,5.46741772,5.4671893,4.887128
ssp245,2211,643.686996,5.4659955,5.46564378,4.88720196
ssp245,2212,643.685994,5.46241516,5.46402482,4.88719997
ssp245,2213,643.674988,5.44523234,5.46231412,4.88710312
ssp245,2214,643.654994,5.43481966,5.46052087,4.88692105
ssp245,2215,643.626002,5.40991851,5.45865217,4.88665366
ssp245,2216,643.587992,5.39484212,5.45670371,4.88630065
ssp245,2217,643.539988,5.39165468,5.45466322,4.88585284
ssp245,2218,643.483999,5.39191153,5.45255002,4.88532927
ssp245,2219,643.419006,5.4075469,5.45035418,4.88472027
ssp245,2220,643.344991,5.43288692,5.44808555,4.88402554
ssp245,2221,643.260991,5.45119743,5.44572504,4.88323601
ssp245,2222,643.168996,5.47869565,5.44329142,4.88237053
ssp245,2223,643.066991,5.46332638,5.44076869,4.88140986
ssp245,2224,642.957001,5.43831457,5.43817271,4.88037327
ssp245,2225,642.837987,5.41633845,5.43550123,4.87925088
ssp245,2226,642.709,5.38991395,5.43273799,4.87803361
ssp245,2227,642.571996,5.3810417,5.42990423,4.87673992
ssp245,2228,642.424998,5.36831051,5.42697829,4.87535106
ssp245,2229,642.269994,5.37580488,5.42398179,4.87388578
ssp245,2230,642.105998,5.39784324,5.42090983,4.87233476
ssp245,2231,641.932994,5.41136388,5.41774811,4.87069778
ssp245,2232,641.749995,5.4121124,5.41450141,4.86896539
ssp245,2233,641.559006,5.4183848,5.41118399,4.86715652
ssp245,2234,641.358999,5.40303918,5.4077909,4.8652614
ssp245,2235,641.150004,5.38899904,5.40431047,4.86328017
ssp245,2236,640.931997,5.36197137,5.4007513,4.86121269
ssp245,2237,640.706009,5.34900621,5.39712409,4.85906847
ssp245,2238,640.469996,5.33930725,5.39340128,4.8568282
ssp245,2239,640.225998,5.33690332,5.38960748,4.85451106
ssp245,2240,639.972997,5.34566155,5.38573301,4.85210727
ssp245,2241,639.711004,5.37247188,5.38177931,4.84961703
ssp245,2242,639.439997,5.39593799,5.37773979,4.84703978
ssp245,2243,639.160004,5.39544527,5.37362107,4.84437593
ssp245,2244,638.871994,5.38753424,5.36942548,4.84163449
ssp245,2245,638.574005,5.36269164,5.36511908,4.8387966
ssp245,2246,638.267995,5.33718962,5.36074355,4.83588106
ssp245,2247,637.954,5.32383863,5.35635426,4.83288782
ssp245,2248,637.629995,5.30522139,5.35195507,4.82979771
ssp245,2249,637.297999,5.29212321,5.34757979,4.82662964
ssp245,2250,636.957001,5.28115011,5.34318803,4.82337409
ssp245,2251,636.607,5.27269337,5.33558466,4.82003076
ssp245,2252,636.255005,5.27515992,5.32816107,4.81666672
ssp245,2253,635.907003,5.28883314,5.32111601,4.81333927
ssp245,2254,635.559987,5.30575926,5.31437163,4.81001962
ssp245,2255,635.215998,5.30315763,5.30793111,4.80672736
ssp245,2256,634.873011,5.30295075,5.30174076,4.80344318
ssp245,2257,634.532008,5.29269509,5.29578429,4.80017634
ssp245,2258,634.192998,5.27142999,5.2900399,4.79692714
ssp245,2259,633.855001,5.25493639,5.28449244,4.79368608
ssp245,2260,633.517995,5.22833711,5.2791026,4.79045297
ssp245,2261,633.182994,5.21280872,5.2738792,4.78723757
ssp245,2262,632.848994,5.20841695,5.26879369,4.78403035
ssp245,2263,632.516998,5.20757276,5.26384988,4.78084088
ssp245,2264,632.185994,5.2239118,5.25901434,4.77765943
ssp245,2265,631.857,5.24902302,5.2543037,4.77449582
ssp245,2266,631.528992,5.26708012,5.2496844,4.77134021
ssp245,2267,631.202998,5.28385962,5.24515525,4.76820262
ssp245,2268,630.879003,5.25635946,5.24072591,4.76508284
ssp245,2269,630.556,5.23426765,5.23637052,4.76197116
ssp245,2270,630.233993,5.20628273,5.23208087,4.75886764
ssp245,2271,629.914998,5.1878012,5.22787303,4.75579187
ssp245,2272,629.596995,5.17005477,5.22372985,4.75272425
ssp245,2273,629.279999,5.16577626,5.2196355,4.74966495
ssp245,2274,628.966009,5.17799223,5.21561652,4.74663332
ssp245,2275,628.653005,5.19756125,5.21164233,4.74360994
ssp245,2276,628.341009,5.21070349,5.20771558,4.74059493
ssp245,2277,628.031006,5.20642668,5.20383753,4.73759785
ssp245,2278,627.722997,5.1989509,5.20000507,4.73461883
ssp245,2279,627.417002,5.18235109,5.1962209,4.731658
ssp245,2280,627.112,5.15558629,5.19246695,4.72870546
ssp245,2281,626.807999,5.13983613,5.18875546,4.7257614
ssp245,2282,626.506007,5.1315202,5.1850756,4.72283553
ssp245,2283,626.205999,5.12551847,5.18144224,4.71992763
ssp245,2284,625.907003,5.13343632,5.17783792,4.71702827
ssp245,2285,625.609995,5.15821002,5.17426135,4.71414706
ssp245,2286,625.313995,5.18456516,5.17071807,4.71127446
ssp245,2287,625.020004,5.19093873,5.16720771,4.70842006
ssp245,2288,624.726995,5.18657313,5.1637221,4.70557406
ssp245,2289,624.436,5.14922322,5.16026621,4.70274644
ssp245,2290,624.146001,5.13793943,5.15683473,4.69992739
ssp245,2291,623.856995,5.11636404,5.15343017,4.69711679
ssp245,2292,623.570007,5.09763834,5.15005199,4.69432476
ssp245,2293,623.283991,5.08567019,5.14669506,4.69154091
ssp245,2294,622.999003,5.08895905,5.14335149,4.68876608
ssp245,2295,622.716003,5.11182552,5.14004655,4.68600939
ssp245,2296,622.433991,5.13183841,5.13675685,4.68326125
ssp245,2297,622.15301,5.1535976,5.13348284,4.68052213
ssp245,2298,621.873001,5.15099214,5.13022938,4.67779126
ssp245,2299,621.595001,5.12868534,5.12700547,4.67507906
ssp245,2300,621.317998,5.12379415,5.12379415,4.67237539
ssp245,2301,621.042007,5.12060531,5.12060531,4.66968058
ssp245,2302,620.767003,5.11743081,5.11743081,4.66699439
ssp245,2303,620.494003,5.11428331,5.11428331,4.66432672
ssp245,2304,620.221008,5.1111429,5.1111429,4.66165799
ssp245,2305,619.950007,5.10802628,5.10802628,4.65900779
ssp245,2306,619.680003,5.10492631,5.10492631,4.65636628
ssp245,2307,619.409999,5.10183024,5.10183024,4.65372377
ssp245,2308,619.142013,5.09876058,5.09876058,4.65109999
ssp245,2309,618.875,5.09570708,5.09570708,4.64848467
ssp245,2310,618.608999,5.09267472,5.09267472,4.64587832
ssp245,2311,618.345006,5.08965784,5.08965784,4.64329074
ssp245,2312,618.080999,5.08664698,5.08664698,4.64070197
ssp245,2313,617.818003,5.0836521,5.0836521,4.6381221
ssp245,2314,617.556,5.08067791,5.08067791,4.63555103
ssp245,2315,617.294993,5.07770886,5.07770886,4.63298883
ssp245,2316,617.034999,5.07475823,5.07475823,4.63043548
ssp245,2317,616.775996,5.07182511,5.07182511,4.62789105
ssp245,2318,616.518,5.06889976,5.06889976,4.62535553
ssp245,2319,616.261002,5.06598966,5.06598966,4.62282882
ssp245,2320,616.003993,5.0630898,5.0630898,4.6203011
ssp245,2321,615.749003,5.06020747,5.06020747,4.6177923
ssp245,2322,615.495,5.05733732,5.05733732,4.61529232
ssp245,2323,615.240997,5.05447715,5.05447715,4.61279146
ssp245,2324,614.987996,5.05162704,5.05162704,4.61029941
ssp245,2325,614.736003,5.04878627,5.04878627,4.60781651
ssp245,2326,614.484995,5.04596031,5.04596031,4.60534239
ssp245,2327,614.23499,5.04315664,5.04315664,4.60287721
ssp245,2328,613.985998,5.0403573,5.0403573,4.60042116
ssp245,2329,613.737005,5.0375599,5.0375599,4.59796425
ssp245,2330,613.490006,5.03478688,5.03478688,4.59552612
ssp245,2331,613.243011,5.03202337,5.03202337,4.59308718
ssp245,2332,612.996999,5.02926666,5.02926666,4.59065703
ssp245,2333,612.751994,5.02652139,5.02652139,4.588236
ssp245,2334,612.506989,5.02378067,5.02378067,4.58581405
ssp245,2335,612.263,5.02105149,5.02105149,4.58340134
ssp245,2336,612.019994,5.01833643,5.01833643,4.58099744
ssp245,2337,611.777995,5.01563284,5.01563284,4.5786027
ssp245,2338,611.536997,5.01294844,5.01294844,4.57621708
ssp245,2339,611.296,5.01026045,5.01026045,4.57383056
ssp245,2340,611.055995,5.00758643,5.00758643,4.57145299
ssp245,2341,610.816004,5.00491103,5.00491103,4.56907484
ssp245,2342,610.577998,5.00226223,5.00226223,4.56671542
ssp245,2343,610.340006,4.99961195,4.99961195,4.56435543
ssp245,2344,610.103002,4.99697556,4.99697556,4.56200437
ssp245,2345,609.865992,4.99434016,4.99434016,4.55965248
ssp245,2346,609.629995,4.99171875,4.99171875,4.55730977
ssp245,2347,609.394999,4.98910841,4.98910841,4.55497624
ssp245,2348,609.161011,4.9865118,4.9865118,4.55265187
ssp245,2349,608.926997,4.98391611,4.98391611,4.55032648
ssp245,2350,608.694005,4.98133144,4.98133144,4.54801049
ssp245,2351,608.462001,4.97876033,4.97876033,4.54570349
ssp245,2352,608.230001,4.9761824,4.9761824,4.54339577
ssp245,2353,607.998998,4.97362581,4.97362581,4.54109714
ssp245,2354,607.768,4.97107011,4.97107011,4.53879781
ssp245,2355,607.537999,4.96852528,4.96852528,4.53650766
ssp245,2356,607.309006,4.96599395,4.96599395,4.53422673
ssp245,2357,607.079997,4.96346319,4.96346319,4.5319449
ssp245,2358,606.852,4.96094321,4.96094321,4.52967244
ssp245,2359,606.625,4.95842904,4.95842904,4.52740911
ssp245,2360,606.398,4.95592324,4.95592324,4.52514504
ssp245,2361,606.171,4.95342098,4.95342098,4.52288015
ssp245,2362,605.945999,4.95093918,4.95093918,4.52063452
ssp245,2363,605.721013,4.94845046,4.94845046,4.51838832
ssp245,2364,605.495992,4.94597247,4.94597247,4.51614095
ssp245,2365,605.271993,4.94350244,4.94350244,4.51390318
ssp245,2366,605.048996,4.94104863,4.94104863,4.51167455
ssp245,2367,604.825994,4.93858471,4.93858471,4.50944525
ssp245,2368,604.603999,4.93614186,4.93614186,4.50722524
ssp245,2369,604.382004,4.93370225,4.93370225,4.50500444
ssp245,2370,604.160996,4.93126327,4.93126327,4.5027929
ssp245,2371,603.941004,4.92884153,4.92884153,4.50059079
ssp245,2372,603.720993,4.92642298,4.92642298,4.49838769
ssp245,2373,603.501007,4.92400211,4.92400211,4.49618423
ssp245,2374,603.282003,4.92159429,4.92159429,4.49398985
ssp245,2375,603.064,4.91919609,4.91919609,4.49180483
ssp245,2376,602.845998,4.91680105,4.91680105,4.48961905
ssp245,2377,602.628001,4.91440642,4.91440642,4.48743264
ssp245,2378,602.411011,4.91202227,4.91202227,4.48525566
ssp245,2379,602.194997,4.90965089,4.90965089,4.48308774
ssp245,2380,601.978999,4.90727919,4.90727919,4.48091929
ssp245,2381,601.763997,4.90491787,4.90491787,4.4787602
ssp245,2382,601.548991,4.90255663,4.90255663,4.47660039
ssp245,2383,601.334005,4.90019876,4.90019876,4.47444004
ssp245,2384,601.119995,4.89785087,4.89785087,4.47228884
ssp245,2385,600.907013,4.89551273,4.89551273,4.47014734
ssp245,2386,600.694,4.89317731,4.89317731,4.46800478
ssp245,2387,600.482005,4.89085234,4.89085234,4.46587181
ssp245,2388,600.269994,4.88852733,4.88852733,4.46373805
ssp245,2389,600.057994,4.88620554,4.88620554,4.46160364
ssp245,2390,599.847005,4.88389319,4.88389319,4.4594788
ssp245,2391,599.636002,4.88158087,4.88158087,4.45735315
ssp245,2392,599.42599,4.87927862,4.87927862,4.45523687
ssp245,2393,599.215993,4.8769795,4.8769795,4.45312001
ssp245,2394,599.007009,4.87468987,4.87468987,4.45101273
ssp245,2395,598.798004,4.87240028,4.87240028,4.44890462
ssp245,2396,598.589991,4.87012344,4.87012344,4.4468058
ssp245,2397,598.381994,4.86784331,4.86784331,4.44470659
ssp245,2398,598.173996,4.86556958,4.86556958,4.44260658
ssp245,2399,597.967,4.86330252,4.86330252,4.44051616
ssp245,2400,597.759994,4.86103471,4.86103471,4.43842501
ssp245,2401,597.553996,4.85878052,4.85878052,4.43634334
ssp245,2402,597.347997,4.85652568,4.85652568,4.43426105
ssp245,2403,597.141998,4.85427367,4.85427367,4.43217805
ssp245,2404,596.936996,4.85202811,4.85202811,4.43010462
ssp245,2405,596.732,4.84978625,4.84978625,4.42803053
ssp245,2406,596.527995,4.84755296,4.84755296,4.42596588
ssp245,2407,596.324,4.84532327,4.84532327,4.42390064
ssp245,2408,596.120997,4.84310002,4.84310002,4.42184493
ssp245,2409,595.917002,4.84086943,4.84086943,4.41977847
ssp245,2410,595.715006,4.83865838,4.83865838,4.41773168
ssp245,2411,595.511993,4.83644063,4.83644063,4.41567388
ssp245,2412,595.309998,4.83422873,4.83422873,4.41362589
ssp245,2413,595.107997,4.83202026,4.83202026,4.41157716
ssp245,2414,594.907003,4.82982121,4.82982121,4.40953806
ssp245,2415,594.706004,4.82762407,4.82762407,4.40749823
ssp245,2416,594.505005,4.82542399,4.82542399,4.40545788
ssp245,2417,594.304998,4.82323686,4.82323686,4.40342694
ssp245,2418,594.104996,4.82104882,4.82104882,4.40139546
ssp245,2419,593.905004,4.81886084,4.81886084,4.39936349
ssp245,2420,593.705999,4.81668476,4.81668476,4.39734089
ssp245,2421,593.507004,4.81450873,4.81450873,4.39531781
ssp245,2422,593.307999,4.81232889,4.81232889,4.39329412
ssp245,2423,593.108999,4.81015477,4.81015477,4.39126972
ssp245,2424,592.91099,4.80798762,4.80798762,4.38925493
ssp245,2425,592.713989,4.80583421,4.80583421,4.38724974
ssp245,2426,592.516001,4.80367013,4.80367013,4.38523399
ssp245,2427,592.319992,4.80153117,4.80153117,4.38323776
ssp245,2428,592.124003,4.79939596,4.79939596,4.38124108
ssp245,2429,591.927994,4.79725984,4.79725984,4.3792437
ssp245,2430,591.732005,4.79512812,4.79512812,4.37724587
ssp245,2431,591.53801,4.7930174,4.7930174,4.37526782
ssp245,2432,591.343007,4.79089775,4.79089775,4.37327894
ssp245,2433,591.149007,4.78878893,4.78878893,4.37129972
ssp245,2434,590.955999,4.78669171,4.78669171,4.36933007
ssp245,2435,590.762995,4.78459716,4.78459716,4.36735983
ssp245,2436,590.569997,4.78250324,4.78250324,4.36538909
ssp245,2437,590.377996,4.78042006,4.78042006,4.36342798
ssp245,2438,590.186996,4.77834779,4.77834779,4.36147658
ssp245,2439,589.994995,4.77626873,4.77626873,4.35951429
ssp245,2440,589.805008,4.77421,4.77421,4.35757207
ssp245,2441,589.613998,4.77213863,4.77213863,4.35561892
ssp245,2442,589.424998,4.77009037,4.77009037,4.35368571
ssp245,2443,589.235001,4.7680354,4.7680354,4.35174167
ssp245,2444,589.045995,4.76598751,4.76598751,4.34980734
ssp245,2445,588.857992,4.76395258,4.76395258,4.34788266
ssp245,2446,588.668991,4.76190799,4.76190799,4.34594722
ssp245,2447,588.48199,4.75988363,4.75988363,4.34403175
ssp245,2448,588.293996,4.75784894,4.75784894,4.34210558
ssp245,2449,588.108002,4.75583528,4.75583528,4.34019938
ssp245,2450,587.921,4.75381324,4.75381324,4.33828224
ssp245,2451,587.735001,4.75179916,4.75179916,4.33637495
ssp245,2452,587.549993,4.74979781,4.74979781,4.33447723
ssp245,2453,587.363988,4.74778608,4.74778608,4.33256876
ssp245,2454,587.179998,4.74579834,4.74579834,4.33068038
ssp245,2455,586.994995,4.74379644,4.74379644,4.32878117
ssp245,2456,586.811,4.74180553,4.74180553,4.32689179
ssp245,2457,586.627996,4.73982649,4.73982649,4.32501201
ssp245,2458,586.445007,4.73784823,4.73784823,4.32313189
ssp245,2459,586.261993,4.73586946,4.73586946,4.32125099
ssp245,2460,586.080002,4.733901,4.733901,4.31938011
ssp245,2461,585.898,4.73193496,4.73193496,4.31750854
ssp245,2462,585.715998,4.72996604,4.72996604,4.31563655
ssp245,2463,585.534999,4.72800989,4.72800989,4.3137743
ssp245,2464,585.354004,4.72605438,4.72605438,4.3119116
ssp245,2465,585.174006,4.72410804,4.72410804,4.31005867
ssp245,2466,584.994003,4.72216147,4.72216147,4.3082052
ssp245,2467,584.814,4.72021837,4.72021837,4.30635115
ssp245,2468,584.635,4.71828164,4.71828164,4.30450703
ssp245,2469,584.456004,4.71634757,4.71634757,4.30266238
ssp245,2470,584.278,4.71442424,4.71442424,4.30082749
ssp245,2471,584.099996,4.71250068,4.71250068,4.29899211
ssp245,2472,583.922002,4.71057628,4.71057628,4.29715635
ssp245,2473,583.745005,4.70866264,4.70866264,4.2953304
ssp245,2474,583.567998,4.70675145,4.70675145,4.29350379
ssp245,2475,583.390996,4.70483646,4.70483646,4.29167683
ssp245,2476,583.214996,4.70293517,4.70293517,4.28985966
ssp245,2477,583.039998,4.70104399,4.70104399,4.28805238
ssp245,2478,582.863998,4.6991423,4.6991423,4.28623427
ssp245,2479,582.689,4.69724984,4.69724984,4.28442605
ssp245,2480,582.513997,4.69535786,4.69535786,4.28261731
ssp245,2481,582.340006,4.69347893,4.69347893,4.28081848
ssp245,2482,582.166005,4.6915968,4.6915968,4.27901917
ssp245,2483,581.992991,4.68972753,4.68972753,4.27722953
ssp245,2484,581.818995,4.68784776,4.68784776,4.27542927
ssp245,2485,581.646993,4.68598844,4.68598844,4.27364919
ssp245,2486,581.474004,4.68411858,4.68411858,4.27185843
ssp245,2487,581.302007,4.68225874,4.68225874,4.27007749
ssp245,2488,581.130005,4.6804022,4.6804022,4.26829596
ssp245,2489,580.959,4.6785522,4.6785522,4.26652439
ssp245,2490,580.787999,4.67670477,4.67670477,4.26475235
ssp245,2491,580.616999,4.67485706,4.67485706,4.26297985
ssp245,2492,580.446996,4.6730194,4.6730194,4.26121725
ssp245,2493,580.277008,4.6711825,4.6711825,4.25945436
ssp245,2494,580.10701,4.66934447,4.66934447,4.25769091
ssp245,2495,579.938004,4.66751639,4.66751639,4.25593732
ssp245,2496,579.768997,4.66569169,4.66569169,4.25418321
ssp245,2497,579.599996,4.66386312,4.66386312,4.25242879
ssp245,2498,579.432007,4.66204763,4.66204763,4.25068436
ssp245,2499,579.264002,4.66023255,4.66023255,4.24893934
ssp245,2500,579.180008,4.6593218,4.6593218,4.24806683
ssp460,1750,277.147003,0.259367068,0,0
ssp460,1751,277.188001,0.242788114,0.001756263,0.000823549
ssp460,1752,277.229001,0.214655617,0.00369797,0.001647036
ssp460,1753,277.263,0.179488272,0.004707139,0.002329817
ssp460,1754,277.304003,0.145353885,0.004987226,0.003153146
ssp460,1755,277.351003,0.098651144,0.00703343,0.004096748
ssp460,1756,277.389,-0.133032153,0.008562432,0.004859497
ssp460,1757,277.441999,0.016012389,0.008843661,0.005923233
ssp460,1758,277.489001,0.147192448,0.010441407,0.006866449
ssp460,1759,277.539998,0.226591085,0.011487358,0.007889672
ssp460,1760,277.605003,0.261231482,0.011816783,0.009193695
ssp460,1761,277.663999,0.259795206,0.013356894,0.01037692
ssp460,1762,277.732002,-0.664034413,0.015655135,0.011740518
ssp460,1763,277.795998,-0.415601766,0.017507469,0.013023458
ssp460,1764,277.859004,-0.048122205,0.020829214,0.0142863
ssp460,1765,277.913,0.070897668,0.021064017,0.015368335
ssp460,1766,277.958,-0.229307493,0.02304658,0.016269969
ssp460,1767,278.016998,-0.265746612,0.024977115,0.017451845
ssp460,1768,278.077995,0.049881921,0.024859738,0.018673525
ssp460,1769,278.135005,0.221123065,0.026963906,0.019815112
ssp460,1770,278.193998,0.158125581,0.0284695,0.02099619
ssp460,1771,278.270002,0.20679169,0.032155605,0.022517504
ssp460,1772,278.334,0.248712785,0.034802076,0.023798201
ssp460,1773,278.411995,0.237596245,0.036707251,0.025358641
ssp460,1774,278.491,0.204710986,0.036778843,0.026938866
ssp460,1775,278.586004,0.174756172,0.039927799,0.028838548
ssp460,1776,278.682999,0.157259871,0.042705085,0.030777429
ssp460,1777,278.773997,0.163114045,0.044456845,0.032595871
ssp460,1778,278.866,0.209072943,0.045683078,0.034433829
ssp460,1779,278.959002,0.283348935,0.048521798,0.036291184
ssp460,1780,279.054003,0.327445436,0.049830276,0.038187868
ssp460,1781,279.144999,0.329656163,0.05219324,0.040004025
ssp460,1782,279.243001,0.308001709,0.054827636,0.041959409
ssp460,1783,279.339999,-1.51950425,0.057058888,0.043894127
ssp460,1784,279.434001,-3.44041412,0.060112981,0.045768496
ssp460,1785,279.532003,-1.31130381,0.061087427,0.047722011
ssp460,1786,279.629,-0.492673872,0.063551614,0.049654877
ssp460,1787,279.729001,-0.086369104,0.065039304,0.051646949
ssp460,1788,279.830999,0.167807172,0.065935378,0.053678115
ssp460,1789,279.932999,0.315426492,0.068959659,0.055708645
ssp460,1790,280.037003,0.366678876,0.071274577,0.057778368
ssp460,1791,280.140999,0.36298785,0.074371629,0.059847231
ssp460,1792,280.240997,0.349870689,0.076971788,0.061835891
ssp460,1793,280.331998,0.321899915,0.078955507,0.063645066
ssp460,1794,280.415001,0.286532022,0.079176076,0.065294756
ssp460,1795,280.491997,0.251409469,0.081854205,0.066824664
ssp460,1796,280.554995,0.090001781,0.083891729,0.068076159
ssp460,1797,280.623001,-0.033018026,0.084844618,0.069426834
ssp460,1798,280.682004,0.056002925,0.085756307,0.070598468
ssp460,1799,280.752998,0.143443087,0.087860297,0.072007897
ssp460,1800,280.833997,0.192958705,0.08912129,0.073615555
ssp460,1801,280.918999,0.23566036,0.091752613,0.075302189
ssp460,1802,280.993996,0.268337863,0.092857357,0.076789911
ssp460,1803,281.072995,0.289747046,0.095953737,0.078356655
ssp460,1804,281.156998,0.29484214,0.098384119,0.080022161
ssp460,1805,281.233996,0.287677634,0.099638725,0.081548406
ssp460,1806,281.322001,0.275813458,0.102208227,0.083292345
ssp460,1807,281.409002,0.257594437,0.104021288,0.085015884
ssp460,1808,281.496,0.237395252,0.105470788,0.086738879
ssp460,1809,281.565997,-3.33083486,0.108205003,0.088124842
ssp460,1810,281.648003,-2.29017827,0.110419986,0.089748159
ssp460,1811,281.717997,-0.69056559,0.113200038,0.09113338
ssp460,1812,281.789998,-0.088925059,0.115828947,0.092557987
ssp460,1813,281.858002,0.130637583,0.117734597,0.093903202
ssp460,1814,281.931005,0.219753506,0.117983723,0.095346984
ssp460,1815,281.991997,-3.25206267,0.120379554,0.096552995
ssp460,1816,282.059001,-4.22601614,0.12182814,0.097877575
ssp460,1817,282.127001,-1.41327998,0.123522992,0.099221563
ssp460,1818,282.199999,-0.295530995,0.124545621,0.100663981
ssp460,1819,282.272006,0.079272084,0.127157035,0.102086437
ssp460,1820,282.346001,0.192818414,0.128131348,0.103547876
ssp460,1821,282.415004,0.118515613,0.130088114,0.104910394
ssp460,1822,282.477,0.113929858,0.131864655,0.106134314
ssp460,1823,282.540001,-0.222103917,0.133733595,0.107377814
ssp460,1824,282.617996,0.031987002,0.135795743,0.108916918
ssp460,1825,282.676,0.202594997,0.136239768,0.110061326
ssp460,1826,282.692998,0.286902678,0.137353301,0.110396748
ssp460,1827,282.692996,0.327418825,0.136615832,0.110396809
ssp460,1828,282.708003,0.339526382,0.135645978,0.11069289
ssp460,1829,282.760996,0.334322889,0.137571318,0.111738122
ssp460,1830,282.824999,0.313130025,0.135473642,0.113000237
ssp460,1831,282.890996,-2.14049609,0.138579172,0.114301406
ssp460,1832,282.921997,-1.41891638,0.139303432,0.114912636
ssp460,1833,282.965998,-0.355091548,0.139413985,0.115780007
ssp460,1834,283.028,0.046924787,0.138740062,0.11700213
ssp460,1835,283.085999,-1.56239446,0.140092107,0.118145105
ssp460,1836,283.149,-0.909410803,0.138421501,0.119386371
ssp460,1837,283.198001,-0.061583694,0.138651201,0.120351596
ssp460,1838,283.253003,0.246881653,0.137877164,0.121434662
ssp460,1839,283.311,0.334963088,0.138487697,0.122576461
ssp460,1840,283.382001,0.346484826,0.138408082,0.123974135
ssp460,1841,283.466998,0.325506113,0.138786495,0.125646976
ssp460,1842,283.528,0.294683261,0.138973992,0.126847365
ssp460,1843,283.566002,0.267168924,0.140496831,0.127594813
ssp460,1844,283.608999,0.249488034,0.140915996,0.128440355
ssp460,1845,283.724996,0.248448246,0.14097865,0.130721184
ssp460,1846,283.847,0.082645907,0.14495819,0.133118939
ssp460,1847,283.936,0.150871692,0.144517965,0.134867398
ssp460,1848,284.067998,0.244821927,0.145428455,0.137459806
ssp460,1849,284.206998,0.288961076,0.14729175,0.140188526
ssp460,1850,284.316999,0.310824461,0.146519275,0.142347045
ssp460,1851,284.451004,0.312119404,0.149707599,0.144975578
ssp460,1852,284.598002,0.309022319,0.152194204,0.147857663
ssp460,1853,284.730998,0.136887502,0.153837252,0.150463935
ssp460,1854,284.845998,0.089025719,0.149828656,0.152716599
ssp460,1855,284.940999,0.210728567,0.153003818,0.154576796
ssp460,1856,285.048993,0.218082292,0.153437416,0.156690742
ssp460,1857,285.204,0.059697689,0.156156732,0.159723814
ssp460,1858,285.369001,0.210699547,0.159183199,0.162950841
ssp460,1859,285.544996,0.294072222,0.161081334,0.166390803
ssp460,1860,285.738993,0.328347827,0.161513798,0.170180332
ssp460,1861,285.933001,0.268895709,0.16471651,0.173967585
ssp460,1862,286.100001,-0.478745502,0.169373414,0.177225628
ssp460,1863,286.271001,-0.118091175,0.171992689,0.180559966
ssp460,1864,286.442001,0.173190366,0.173752939,0.183892469
ssp460,1865,286.613996,0.273453037,0.174765202,0.187242443
ssp460,1866,286.780998,0.306345499,0.179062167,0.190493343
ssp460,1867,286.955002,0.312878451,0.179720182,0.193878689
ssp460,1868,287.105001,0.328616942,0.182197615,0.196795336
ssp460,1869,287.224999,0.348082439,0.182552342,0.199127489
ssp460,1870,287.354998,0.351102048,0.183645024,0.201653103
ssp460,1871,287.494001,0.361846042,0.183325057,0.204352384
ssp460,1872,287.663996,0.351283457,0.179857167,0.207652059
ssp460,1873,287.860001,0.134261403,0.177156221,0.211454436
ssp460,1874,288.061,0.25101457,0.185081207,0.215351248
ssp460,1875,288.291003,0.253199158,0.185255714,0.219807362
ssp460,1876,288.519997,0.258610477,0.18669111,0.224240713
ssp460,1877,288.752001,0.294559915,0.187711597,0.228729132
ssp460,1878,288.993001,0.30749664,0.191507838,0.233388011
ssp460,1879,289.221001,0.309906527,0.18848352,0.237792253
ssp460,1880,289.469999,0.27958636,0.180519904,0.242598499
ssp460,1881,289.736997,0.29525976,0.181177488,0.247748095
ssp460,1882,290.019002,0.329459931,0.180118131,0.25318238
ssp460,1883,290.263,-0.188130277,0.17752229,0.257880277
ssp460,1884,290.511999,-1.65271067,0.180211637,0.262670687
ssp460,1885,290.796997,-0.489360153,0.184997347,0.268149143
ssp460,1886,291.099996,0.057618408,0.191628993,0.273968261
ssp460,1887,291.413999,0.108548126,0.192457584,0.279992719
ssp460,1888,291.763,0.256148249,0.183993479,0.286681833
ssp460,1889,292.113001,0.314911152,0.193364428,0.29338254
ssp460,1890,292.457998,0.195445583,0.185952851,0.299980336
ssp460,1891,292.815999,0.048696662,0.18640592,0.306819333
ssp460,1892,293.167,0.254992669,0.191836929,0.313516961
ssp460,1893,293.477,0.390238938,0.201855433,0.319425909
ssp460,1894,293.790998,0.4164758,0.201867755,0.325405044
ssp460,1895,294.078997,0.393319384,0.197199597,0.330883807
ssp460,1896,294.364998,0.366210371,0.195614329,0.336319851
ssp460,1897,294.645999,0.343646047,0.189452072,0.341656073
ssp460,1898,294.954,0.329146621,0.182639366,0.347499709
ssp460,1899,295.299998,0.304648059,0.167306291,0.354057399
ssp460,1900,295.674995,0.29359788,0.161562674,0.361156779
ssp460,1901,296.006999,0.28028533,0.157386456,0.367435048
ssp460,1902,296.324999,0.178577121,0.15608961,0.373441717
ssp460,1903,296.653997,-0.61984679,0.138675526,0.379649516
ssp460,1904,296.953995,-0.139973277,0.140838754,0.385304501
ssp460,1905,297.288996,0.174575233,0.128175451,0.391613307
ssp460,1906,297.661997,0.290421799,0.122655411,0.398630192
ssp460,1907,298.097995,0.140105645,0.098227754,0.40682203
ssp460,1908,298.51799,0.241788889,0.128056102,0.414702322
ssp460,1909,298.935992,0.284108629,0.121221134,0.422534951
ssp460,1910,299.376996,0.266237486,0.115971019,0.430787545
ssp460,1911,299.828992,0.258777693,0.12667367,0.439233831
ssp460,1912,300.352992,-0.192128559,0.122339744,0.449012375
ssp460,1913,300.909993,-0.263736199,0.110342093,0.459389268
ssp460,1914,301.418991,0.128079595,0.158630435,0.468855947
ssp460,1915,301.936989,0.325526971,0.172588424,0.478475109
ssp460,1916,302.484988,0.361446296,0.15144233,0.488635611
ssp460,1917,303.010989,0.377756631,0.14566804,0.498371797
ssp460,1918,303.448987,0.397720814,0.162063757,0.506467787
ssp460,1919,303.813988,0.442648858,0.239844438,0.513207387
ssp460,1920,304.245987,0.380148595,0.208546333,0.521174253
ssp460,1921,304.599988,0.4395535,0.287346953,0.527694471
ssp460,1922,304.944982,0.308577332,0.275488178,0.534041822
ssp460,1923,305.270983,0.281350582,0.219006321,0.540031826
ssp460,1924,305.629984,0.370615851,0.232855922,0.54662335
ssp460,1925,305.812981,0.391280217,0.232616963,0.549980803
ssp460,1926,305.953985,0.420639767,0.23390013,0.552566519
ssp460,1927,306.176987,0.419956471,0.209761519,0.556653841
ssp460,1928,306.32898,0.38759358,0.217583404,0.559437428
ssp460,1929,306.494987,0.2012564,0.19401158,0.562476715
ssp460,1930,306.619977,0.416798475,0.237882726,0.564764001
ssp460,1931,306.821983,0.467402575,0.303714334,0.56845762
ssp460,1932,307.092979,0.370299951,0.367536595,0.573410874
ssp460,1933,307.40198,0.458818998,0.355154009,0.579053443
ssp460,1934,307.784983,0.472319142,0.325187091,0.586041125
ssp460,1935,308.22698,0.47708508,0.303606182,0.594095074
ssp460,1936,309.011973,0.517185378,0.286317731,0.608373553
ssp460,1937,309.763975,0.49974745,0.26586234,0.622020125
ssp460,1938,310.293976,0.540716251,0.317545453,0.631618597
ssp460,1939,310.850975,0.518759599,0.298771337,0.64169047
ssp460,1940,311.356977,0.463542351,0.263260895,0.650825128
ssp460,1941,311.810974,0.438478072,0.254193653,0.659008869
ssp460,1942,312.171977,0.418371952,0.25284912,0.665507422
ssp460,1943,312.389979,0.400072241,0.253501427,0.669422105
ssp460,1944,312.412972,0.419875859,0.268407044,0.669832834
ssp460,1945,312.384977,0.525887912,0.339337221,0.669326227
ssp460,1946,312.389971,0.556618052,0.353319455,0.669413442
ssp460,1947,312.485972,0.547685437,0.29920231,0.671139122
ssp460,1948,312.520968,0.546266864,0.282524369,0.671767887
ssp460,1949,312.631971,0.559621136,0.311215303,0.67376315
ssp460,1950,312.820976,0.474599199,0.260160368,0.677158085
ssp460,1951,313.013972,0.413477145,0.243851031,0.680623044
ssp460,1952,313.341977,0.414575793,0.247285261,0.686507944
ssp460,1953,313.729968,0.404421928,0.250515423,0.69346019
ssp460,1954,314.094968,0.416652182,0.2629193,0.699994297
ssp460,1955,314.41497,0.402009835,0.221308805,0.705715604
ssp460,1956,314.697968,0.431574299,0.191069172,0.710769672
ssp460,1957,314.991961,0.473615447,0.177506105,0.716016098
ssp460,1958,315.344966,0.490932773,0.187755919,0.722311449
ssp460,1959,315.806966,0.442259245,0.171097578,0.730542582
ssp460,1960,316.624967,0.415764878,0.166652919,0.745090451
ssp460,1961,317.298963,0.289636333,0.091889853,0.75705023
ssp460,1962,318.043963,0.111786054,0.103420143,0.770242964
ssp460,1963,318.649963,-0.63469637,0.103205802,0.780951733
ssp460,1964,319.332962,-0.546284146,0.101471053,0.792999842
ssp460,1965,319.815961,-0.213572606,0.103616204,0.801503982
ssp460,1966,320.879957,0.235806088,0.117724163,0.820202221
ssp460,1967,321.479958,0.107530174,0.150979357,0.830718461
ssp460,1968,322.388957,0.204090108,0.153341422,0.846619614
ssp460,1969,323.250956,0.291803716,0.164337093,0.861660248
ssp460,1970,324.782956,0.299550842,0.166098886,0.888306357
ssp460,1971,325.399956,0.191976148,0.198241558,0.899000858
ssp460,1972,327.348953,0.301156356,0.227947169,0.932677572
ssp460,1973,329.908951,0.404258532,0.253707649,0.97663716
ssp460,1974,330.755953,0.388499602,0.304505418,0.991107189
ssp460,1975,330.826955,0.124523236,0.347976718,0.992310178
ssp460,1976,331.54495,0.359449582,0.339787091,1.00454518
ssp460,1977,333.352946,0.520567383,0.385137679,1.0352617
ssp460,1978,335.009949,0.637580426,0.433825855,1.0632785
ssp460,1979,336.604947,0.706597426,0.467396316,1.09012689
ssp460,1980,338.704946,0.720325335,0.526889785,1.12530278
ssp460,1981,340.05895,0.762805854,0.600280291,1.14787264
ssp460,1982,340.643941,0.533054386,0.646020365,1.15759014
ssp460,1983,342.265948,0.072857728,0.708827662,1.18447874
ssp460,1984,344.007947,0.50694657,0.745212528,1.21322786
ssp460,1985,345.458954,0.749419331,0.787716202,1.23706994
ssp460,1986,346.902946,0.806277025,0.830883097,1.26070529
ssp460,1987,348.774946,0.91382896,0.865245085,1.29121782
ssp460,1988,351.275932,1.06421476,0.92252942,1.33175665
ssp460,1989,352.893923,1.20505072,0.969141524,1.35782563
ssp460,1990,354.072932,1.23339996,1.01074614,1.37675376
ssp460,1991,355.352938,0.713663151,1.04833929,1.39724855
ssp460,1992,356.228948,-0.510439656,1.11375903,1.41123293
ssp460,1993,356.92496,0.341187101,1.14775448,1.42232204
ssp460,1994,358.25396,1.09538585,1.19583255,1.44344174
ssp460,1995,360.238955,1.32203921,1.26140939,1.47487083
ssp460,1996,362.004962,1.42411091,1.31529624,1.50268352
ssp460,1997,363.251956,1.47567722,1.32924047,1.52224317
ssp460,1998,365.932955,1.60850011,1.41097791,1.56412563
ssp460,1999,367.844978,1.73309837,1.4989184,1.59381719
ssp460,2000,369.124975,1.78552229,1.52490041,1.61359987
ssp460,2001,370.672989,1.79817635,1.55185545,1.63745864
ssp460,2002,372.834994,1.8533745,1.59608578,1.67064359
ssp460,2003,375.410998,1.80124534,1.61670154,1.70996038
ssp460,2004,376.987002,1.77797783,1.613467,1.73388657
ssp460,2005,378.907008,1.73664331,1.6206865,1.76291317
ssp460,2006,381.010007,1.73422801,1.64953117,1.79455584
ssp460,2007,382.60302,1.7675046,1.69745572,1.81841661
ssp460,2008,384.739019,1.83865343,1.75922739,1.85027109
ssp460,2009,386.280022,1.8804231,1.82765228,1.8731523
ssp460,2010,388.717031,1.99413816,1.88791117,1.90917914
ssp460,2011,390.944021,2.03203345,1.92036901,1.94191537
ssp460,2012,393.015991,2.12662572,1.97097487,1.9722262
ssp460,2013,395.724978,2.2141263,2.03121078,2.01164737
ssp460,2014,397.546979,2.24580988,2.07089676,2.03800698
ssp460,2015,399.949389,2.35466761,2.22363866,2.07260636
ssp460,2016,403.116961,2.38094748,2.30068089,2.11796875
ssp460,2017,405.742963,2.43298381,2.3765744,2.15533563
ssp460,2018,408.556959,2.48991857,2.45148798,2.19513864
ssp460,2019,411.339961,2.55116477,2.52741733,2.23426263
ssp460,2020,414.100965,2.61823808,2.60326423,2.27284423
ssp460,2021,416.842959,2.69292295,2.65540107,2.31093334
ssp460,2022,419.610959,2.77136838,2.70798851,2.34915752
ssp460,2023,422.441958,2.83317646,2.76118589,2.38801971
ssp460,2024,425.334956,2.88189738,2.815029,2.42749383
ssp460,2025,428.28996,2.91439283,2.86956944,2.4675678
ssp460,2026,431.30796,2.94468132,2.92484309,2.5082428
ssp460,2027,434.386958,2.97510348,2.98070289,2.54947975
ssp460,2028,437.527957,3.0212542,3.03706295,2.59128011
ssp460,2029,440.730954,3.0612157,3.09400257,2.63363193
ssp460,2030,443.996953,3.10973036,3.15159579,2.67653631
ssp460,2031,447.324951,3.16257893,3.21337746,2.71996805
ssp460,2032,450.695953,3.22627137,3.27507915,2.76366999
ssp460,2033,454.092952,3.30908464,3.33606676,2.80741719
ssp460,2034,457.517954,3.40783331,3.39653548,2.85123282
ssp460,2035,460.972951,3.47247639,3.4566146,2.8951394
ssp460,2036,464.456955,3.54930424,3.51637587,2.93912114
ssp460,2037,467.972954,3.59170915,3.57591562,2.98321258
ssp460,2038,471.520953,3.65038046,3.6352734,3.02741014
ssp460,2039,475.101946,3.68507025,3.69450343,3.07172241
ssp460,2040,478.716952,3.72109612,3.75365845,3.11615824
ssp460,2041,482.365949,3.76184919,3.81464627,3.16071336
ssp460,2042,486.032949,3.81687119,3.87523986,3.20519056
ssp460,2043,489.702952,3.8794178,3.93511847,3.24940962
ssp460,2044,493.377953,3.95105135,3.99433691,3.29339798
ssp460,2045,497.058952,4.04580208,4.05294957,3.3371706
ssp460,2046,500.746953,4.12840301,4.11100784,3.38074204
ssp460,2047,504.443955,4.21341902,4.16855541,3.42413831
ssp460,2048,508.149951,4.27313023,4.22563223,3.46736119
ssp460,2049,511.866956,4.30749568,4.2822835,3.510436
ssp460,2050,515.593948,4.32920652,4.338516,3.55335255
ssp460,2051,519.33194,4.36770616,4.39403528,3.59612393
ssp460,2052,523.073959,4.40699513,4.44899697,3.63867264
ssp460,2053,526.812953,4.44999161,4.5032302,3.68092197
ssp460,2054,530.547958,4.50783529,4.55676735,3.72286542
ssp460,2055,534.280955,4.58162881,4.609646,3.76452944
ssp460,2056,538.01295,4.65978403,4.66191073,3.80592914
ssp460,2057,541.743947,4.71222828,4.71358638,3.84706805
ssp460,2058,545.474955,4.76763428,4.76470423,3.88796086
ssp460,2059,549.205948,4.82145235,4.81529528,3.92861049
ssp460,2060,552.936956,4.85000676,4.86537354,3.96902045
ssp460,2061,556.667959,4.88296931,4.91657613,4.00919366
ssp460,2062,560.390956,4.91854487,4.96715338,4.04904768
ssp460,2063,564.096954,4.96301976,5.01693294,4.08849147
ssp460,2064,567.786952,5.01008224,5.06595662,4.12754161
ssp460,2065,571.461945,5.06482489,5.11426865,4.16621419
ssp460,2066,575.120951,5.14101514,5.1618832,4.20450429
ssp460,2067,578.764959,5.21350847,5.20884265,4.24242755
ssp460,2068,582.393951,5.27398444,5.25517081,4.27998893
ssp460,2069,586.008952,5.31397824,5.30090404,4.31720392
ssp460,2070,589.60996,5.3433554,5.34606644,4.3540772
ssp460,2071,593.196955,5.36895368,5.3941776,4.39061317
ssp460,2072,596.73996,5.40537651,5.44149454,4.42651277
ssp460,2073,600.210948,5.44346412,5.48769643,4.46150266
ssp460,2074,603.613958,5.47680328,5.53286588,4.49563615
ssp460,2075,606.948954,5.51615474,5.57703545,4.52892479
ssp460,2076,610.21696,5.554526,5.6202438,4.56139002
ssp460,2077,613.419963,5.60319898,5.66255715,4.59306236
ssp460,2078,616.557958,5.66253562,5.70399227,4.62395199
ssp460,2079,619.630961,5.72249543,5.74459009,4.65406887
ssp460,2080,622.639964,5.77589997,5.78438467,4.68343196
ssp460,2081,625.584961,5.81361378,5.82033771,4.71205037
ssp460,2082,628.462962,5.84762936,5.85543717,4.73990361
ssp460,2083,631.271962,5.86747401,5.88969727,4.76698095
ssp460,2084,634.011963,5.89423172,5.92313213,4.79329105
ssp460,2085,636.681961,5.90520901,5.9557561,4.8188324
ssp460,2086,639.282964,5.92511215,5.98760766,4.84362281
ssp460,2087,641.813965,5.95522131,6.01868812,4.86766027
ssp460,2088,644.275965,5.98725462,6.04903046,4.89096169
ssp460,2089,646.668976,6.03357195,6.07865759,4.91353422
ssp460,2090,648.991974,6.09021858,6.10757344,4.93537499
ssp460,2091,651.244965,6.13629311,6.13323432,4.95649074
ssp460,2092,653.42897,6.18780275,6.15822603,4.97689708
ssp460,2093,655.544978,6.20122938,6.18261437,4.99660949
ssp460,2094,657.590973,6.20274051,6.20639211,5.01561457
ssp460,2095,659.567968,6.20824674,6.2295741,5.03392739
ssp460,2096,661.474976,6.21016736,6.25215739,5.05154415
ssp460,2097,663.311976,6.22510287,6.2741479,5.06846967
ssp460,2098,665.078969,6.23994773,6.29554864,5.0847088
ssp460,2099,666.776967,6.27029258,6.31638722,5.10027551
ssp460,2100,668.403976,6.31244873,6.33663874,5.11515585
ssp460,2101,669.959966,6.35251283,6.35085946,5.1293538
ssp460,2102,671.487971,6.36502086,6.36479356,5.14326752
ssp460,2103,673.023977,6.3779251,6.37872273,5.1572275
ssp460,2104,674.566981,6.38068205,6.39264236,5.1712243
ssp460,2105,676.115982,6.37335593,6.40654666,5.18524847
ssp460,2106,677.667969,6.37512152,6.42040992,5.19927266
ssp460,2107,679.222977,6.37901713,6.43424038,5.21329698
ssp460,2108,680.778966,6.3917392,6.44801374,5.22730304
ssp460,2109,682.335988,6.41188135,6.46173843,5.24129138
ssp460,2110,683.891973,6.44623361,6.47540166,5.25524332
ssp460,2111,685.445984,6.50306042,6.48899459,5.26915074
ssp460,2112,686.998973,6.51854647,6.50253203,5.28302229
ssp460,2113,688.548976,6.53450065,6.51598728,5.29684066
ssp460,2114,690.094971,6.52302889,6.52936712,5.31059691
ssp460,2115,691.63797,6.52901541,6.54267891,5.32430037
ssp460,2116,693.176982,6.52108154,6.55591295,5.33794251
ssp460,2117,694.709971,6.52313473,6.56904934,5.35150555
ssp460,2118,696.238978,6.52907673,6.5821182,5.3650081
ssp460,2119,697.761983,6.54229621,6.59509499,5.3784324
ssp460,2120,699.278981,6.57495437,6.60797913,5.39177903
ssp460,2121,700.788986,6.61849182,6.62077617,5.40503948
ssp460,2122,702.292984,6.66392345,6.63348584,5.41822298
ssp460,2123,703.79097,6.65770858,6.64610807,5.43132989
ssp460,2124,705.28098,6.67463417,6.65863184,5.44434328
ssp460,2125,706.762975,6.66026213,6.6710538,5.45726338
ssp460,2126,708.237981,6.64911896,6.68338742,5.47009965
ssp460,2127,709.705978,6.64948271,6.69563492,5.48285222
ssp460,2128,711.164973,6.65189558,6.70777768,5.49550416
ssp460,2129,712.615987,6.6664764,6.71982219,5.50806497
ssp460,2130,714.058975,6.69832149,6.73177529,5.52053459
ssp460,2131,715.492986,6.761691,6.74362064,5.53290535
ssp460,2132,716.917984,6.78155479,6.7553703,5.54517733
ssp460,2133,718.334976,6.80290854,6.76702749,5.55735969
ssp460,2134,719.742981,6.79756978,6.77858544,5.56944431
ssp460,2135,721.141973,6.78348166,6.79003928,5.58143166
ssp460,2136,722.531982,6.76433482,6.80139677,5.59332234
ssp460,2137,723.911987,6.76621429,6.81264859,5.60510807
ssp460,2138,725.282979,6.76819044,6.82380289,5.61679781
ssp460,2139,726.643977,6.77480095,6.83485178,5.62838365
ssp460,2140,727.995987,6.78906963,6.8458003,5.63987454
ssp460,2141,729.337987,6.82048317,6.85664793,5.65126231
ssp460,2142,730.669988,6.85261186,6.86738928,5.66254753
ssp460,2143,731.991989,6.86616057,6.87803218,5.67373056
ssp460,2144,733.30398,6.88143074,6.88856842,5.68481187
ssp460,2145,734.605972,6.88829084,6.89900066,5.6957919
ssp460,2146,735.89798,6.88017385,6.90933194,5.70667134
ssp460,2147,737.179988,6.88830855,6.91955903,5.71745038
ssp460,2148,738.450989,6.88598019,6.92967665,5.72812108
ssp460,2149,739.711985,6.88927752,6.93969549,5.73869224
ssp460,2150,740.961975,6.89605471,6.9496069,5.74915585
ssp460,2151,742.201981,6.90634304,6.9594252,5.75952096
ssp460,2152,743.428986,6.93423116,6.9691306,5.7697627
ssp460,2153,744.640981,6.97879011,6.97870445,5.77986489
ssp460,2154,745.836985,7.01489588,6.98814296,5.78981967
ssp460,2155,747.01798,7.02316791,6.9974501,5.79963606
ssp460,2156,748.182973,7.02738969,7.00662257,5.80930612
ssp460,2157,749.332982,7.0199229,7.01566462,5.81883913
ssp460,2158,750.466975,7.00496869,7.02457204,5.82822681
ssp460,2159,751.585983,6.99413799,7.0333514,5.83747841
ssp460,2160,752.689987,6.99214823,7.04200292,5.84659427
ssp460,2161,753.77798,7.00184909,7.05052129,5.85556645
ssp460,2162,754.849991,7.02816834,7.05890175,5.86439595
ssp460,2163,755.906993,7.07253435,7.06715731,5.8730911
ssp460,2164,756.948985,7.11570299,7.07529358,5.88165236
ssp460,2165,757.973984,7.11262554,7.08328143,5.89006398
ssp460,2166,758.983983,7.12585875,7.0911506,5.89834278
ssp460,2167,759.978984,7.09980826,7.09888795,5.90648931
ssp460,2168,760.956985,7.08331284,7.10648848,5.91448761
ssp460,2169,761.919993,7.07357311,7.11396793,5.92235438
ssp460,2170,762.866979,7.07115348,7.12131346,5.93008185
ssp460,2171,763.798976,7.07580627,7.12853355,5.93767892
ssp460,2172,764.714981,7.09316965,7.13562497,5.94513757
ssp460,2173,765.613993,7.13124346,7.14257533,5.95245028
ssp460,2174,766.498993,7.15629735,7.14941684,5.95964169
ssp460,2175,767.366974,7.17913536,7.15611974,5.96668765
ssp460,2176,768.218984,7.1864232,7.16269278,5.97359714
ssp460,2177,769.05599,7.1766183,7.16914403,5.98037838
ssp460,2178,769.875987,7.15963356,7.17545746,5.98701547
ssp460,2179,770.680985,7.15176346,7.1816549,5.9935251
ssp460,2180,771.469991,7.14227245,7.18772568,5.99989947
ssp460,2181,772.242986,7.13885668,7.19365931,6.00613899
ssp460,2182,772.998978,7.1364416,7.19946147,6.01223586
ssp460,2183,773.73999,7.13883396,7.20515106,6.01820671
ssp460,2184,774.464971,7.1481527,7.21070639,6.02404345
ssp460,2185,775.172984,7.16764607,7.21612567,6.02973885
ssp460,2186,775.865992,7.2059435,7.22143048,6.0353091
ssp460,2187,776.541987,7.21644944,7.22659605,6.04073815
ssp460,2188,777.201986,7.23106423,7.23164178,6.04603454
ssp460,2189,777.845998,7.24286889,7.23655787,6.05119885
ssp460,2190,778.473994,7.22496234,7.2413456,6.05623079
ssp460,2191,779.085993,7.20979717,7.24600963,6.06113114
ssp460,2192,779.68099,7.20137813,7.25054336,6.06589173
ssp460,2193,780.260997,7.20137994,7.25495833,6.07052924
ssp460,2194,780.822988,7.20371853,7.25923045,6.07501962
ssp460,2195,781.369995,7.21629101,7.26338665,6.07938736
ssp460,2196,781.899989,7.24999416,7.26741058,6.08361639
ssp460,2197,782.413996,7.28496548,7.27131069,6.0877152
ssp460,2198,782.911992,7.30635596,7.27508465,6.09168393
ssp460,2199,783.39299,7.30248653,7.27872696,6.09551476
ssp460,2200,783.857987,7.29143657,7.28224581,6.09921592
ssp460,2201,784.30599,7.26936567,7.28562746,6.10277965
ssp460,2202,784.737991,7.26224398,7.2888914,6.10621409
ssp460,2203,785.153987,7.25703458,7.29202989,6.10951951
ssp460,2204,785.553004,7.24622147,7.29503978,6.11268809
ssp460,2205,785.935989,7.24404254,7.29792666,6.11572768
ssp460,2206,786.302999,7.2407452,7.30068854,6.11863901
ssp460,2207,786.652995,7.24946181,7.30331652,6.12141372
ssp460,2208,786.987005,7.27030059,7.30582746,6.12406029
ssp460,2209,787.303991,7.29306074,7.30820779,6.12657058
ssp460,2210,787.604991,7.31068859,7.31046017,6.12895302
ssp460,2211,787.888997,7.31293991,7.31258818,6.13119969
ssp460,2212,788.156988,7.31298084,7.3145905,6.13331839
ssp460,2213,788.409002,7.29939237,7.31647415,6.1353098
ssp460,2214,788.643992,7.29252536,7.31822657,6.13716533
ssp460,2215,788.861984,7.27111301,7.31984667,6.13888563
ssp460,2216,789.064987,7.25949348,7.32135508,6.14048656
ssp460,2217,789.24999,7.25971713,7.32272567,6.14194437
ssp460,2218,789.419983,7.26334381,7.3239823,6.14328292
ssp460,2219,789.571996,7.28229634,7.32510362,6.14447855
ssp460,2220,789.708995,7.31090898,7.3261076,6.1455549
ssp460,2221,789.828995,7.3324578,7.32698541,6.1464965
ssp460,2222,789.931992,7.3631367,7.32773247,6.14730301
ssp460,2223,790.018992,7.35091561,7.32835792,6.14798271
ssp460,2224,790.088984,7.32899542,7.32885355,6.1485276
ssp460,2225,790.142995,7.31006956,7.32923233,6.14894563
ssp460,2226,790.181,7.28666303,7.32948706,6.14923699
ssp460,2227,790.201991,7.28074847,7.32961099,6.14939333
ssp460,2228,790.206004,7.27093761,7.32960539,6.14941518
ssp460,2229,790.194992,7.28131132,7.32948823,6.14931794
ssp460,2230,790.165995,7.30616695,7.32923355,6.14907822
ssp460,2231,790.121999,7.32248522,7.32886945,6.14871948
ssp460,2232,790.059998,7.3259728,7.32836181,6.14821805
ssp460,2233,789.982997,7.3349436,7.32774279,6.14759768
ssp460,2234,789.888997,7.32224449,7.3269962,6.14684245
ssp460,2235,789.77801,7.31080852,7.32611996,6.14595252
ssp460,2236,789.651001,7.28634053,7.32512046,6.14493529
ssp460,2237,789.507996,7.2758836,7.32400148,6.14379102
ssp460,2238,789.347997,7.26865846,7.32275248,6.14251185
ssp460,2239,789.171997,7.26867613,7.32138029,6.14110535
ssp460,2240,788.978999,7.27981232,7.31988378,6.13956377
ssp460,2241,788.770004,7.30895075,7.31825819,6.13789474
ssp460,2242,788.544998,7.33471413,7.31651593,6.13609831
ssp460,2243,788.302999,7.33646645,7.31464225,6.13416632
ssp460,2244,788.044993,7.3307548,7.31264604,6.13210675
ssp460,2245,787.770991,7.3081044,7.31053185,6.12991936
ssp460,2246,787.479996,7.28472967,7.30828359,6.12759619
ssp460,2247,787.172999,7.2733993,7.30591493,6.12514502
ssp460,2248,786.849004,7.25668637,7.30342004,6.12255765
ssp460,2249,786.51,7.24535341,7.30080998,6.11985005
ssp460,2250,786.154002,7.23602979,7.29806771,6.11700601
ssp460,2251,785.782003,7.22917368,7.29206498,6.1140334
ssp460,2252,785.403005,7.23311077,7.28611191,6.11100378
ssp460,2253,785.028005,7.24811136,7.28039422,6.10800486
ssp460,2254,784.656001,7.26627438,7.27488675,6.10502878
ssp460,2255,784.285996,7.26479379,7.26956726,6.10206747
ssp460,2256,783.918004,7.26563721,7.26442721,6.09912097
ssp460,2257,783.551,7.2563587,7.25944791,6.0961813
ssp460,2258,783.186005,7.23600682,7.25461673,6.09325653
ssp460,2259,782.822001,7.22037538,7.24993143,6.09033854
ssp460,2260,782.459,7.19460083,7.24536632,6.08742754
ssp460,2261,782.097,7.17984981,7.24092029,6.08452329
ssp460,2262,781.735998,7.1762083,7.23658504,6.08162588
ssp460,2263,781.376999,7.1760833,7.23236042,6.07874352
ssp460,2264,781.018,7.19312435,7.22822689,6.07586003
ssp460,2265,780.660004,7.21889637,7.22417706,6.07298332
ssp460,2266,780.302999,7.23760787,7.22021214,6.07011357
ssp460,2267,779.947001,7.25502687,7.2163225,6.06725079
ssp460,2268,779.591995,7.22813601,7.21250246,6.06439485
ssp460,2269,779.236989,7.20664088,7.20874375,6.06153781
ssp460,2270,778.883998,7.17925611,7.20505426,6.05869596
ssp460,2271,778.531998,7.16135285,7.20142468,6.05586088
ssp460,2272,778.180995,7.14416908,7.19784416,6.05303284
ssp460,2273,777.831004,7.14046445,7.19432369,6.05021175
ssp460,2274,777.480998,7.15321392,7.19083821,6.04738955
ssp460,2275,777.132996,7.17331927,7.18740035,6.04458243
ssp460,2276,776.784999,7.18698789,7.18399999,6.04177426
ssp460,2277,776.439006,7.18324462,7.18065548,6.03898108
ssp460,2278,776.094009,7.17627976,7.17733393,6.03619509
ssp460,2279,775.748998,7.16017614,7.17404595,6.03340781
ssp460,2280,775.405996,7.13391877,7.17079944,6.03063569
ssp460,2281,775.062999,7.11865912,7.16757845,6.02786256
ssp460,2282,774.721995,7.11083507,7.16439047,6.02510461
ssp460,2283,774.381002,7.10529448,7.16121826,6.02234559
ssp460,2284,774.041,7.11367544,7.15807704,6.01959366
ssp460,2285,773.702006,7.13891169,7.15496301,6.01684884
ssp460,2286,773.365,7.16571958,7.1518725,6.01411909
ssp460,2287,773.028005,7.17253465,7.14880363,6.01138829
ssp460,2288,772.692006,7.1686021,7.14575107,6.00866478
ssp460,2289,772.357,7.13167917,7.14272216,6.00594817
ssp460,2290,772.02299,7.12081904,7.13971433,6.00323863
ssp460,2291,771.689,7.09964769,7.13671383,6.00052826
ssp460,2292,771.35699,7.08132876,7.13374242,5.99783293
ssp460,2293,771.024994,7.06975076,7.13077563,5.99513684
ssp460,2294,770.694,7.07343398,7.12782642,5.99244778
ssp460,2295,770.365,7.09667692,7.12489794,5.98977404
ssp460,2296,770.03599,7.11706367,7.1219821,5.98709923
ssp460,2297,769.706996,7.13918206,7.11906729,5.98442357
ssp460,2298,769.380005,7.13693851,7.11617575,5.98176322
ssp460,2299,769.052994,7.11496407,7.1132842,5.97910174
ssp460,2300,768.728007,7.11041606,7.11041606,5.97645577
ssp460,2301,768.40301,7.10754866,7.10754866,5.97380875
ssp460,2302,768.077998,7.10469414,7.10469414,5.97116064
ssp460,2303,767.755005,7.10185681,7.10185681,5.96852802
ssp460,2304,767.431997,7.09901792,7.09901792,5.96589444
ssp460,2305,767.110006,7.09619652,7.09619652,5.9632681
ssp460,2306,766.788991,7.09338146,7.09338146,5.96064888
ssp460,2307,766.467997,7.09057577,7.09057577,5.95802877
ssp460,2308,766.148997,7.08779068,7.08779068,5.95542411
ssp460,2309,765.830002,7.08500029,7.08500029,5.95281857
ssp460,2310,765.511002,7.08221667,7.08221667,5.95021204
ssp460,2311,765.19399,7.0794558,7.0794558,5.94762084
ssp460,2312,764.876999,7.07668992,7.07668992,5.94502888
ssp460,2313,764.559998,7.07393055,7.07393055,5.94243591
ssp460,2314,764.245,7.07118811,7.07118811,5.93985842
ssp460,2315,763.930003,7.06845226,7.06845226,5.93728001
ssp460,2316,763.615,7.06570858,7.06570858,5.93470076
ssp460,2317,763.301997,7.06299022,7.06299022,5.93213686
ssp460,2318,762.988998,7.0602724,7.0602724,5.92957209
ssp460,2319,762.676,7.05755268,7.05755268,5.92700653
ssp460,2320,762.364003,7.05484176,7.05484176,5.92444828
ssp460,2321,762.052999,7.05214763,7.05214763,5.92189716
ssp460,2322,761.742996,7.04945393,7.04945393,5.91935347
ssp460,2323,761.432999,7.04676666,7.04676666,5.91680894
ssp460,2324,761.123998,7.04408792,7.04408792,5.9142717
ssp460,2325,760.814992,7.04140962,7.04140962,5.91173353
ssp460,2326,760.506994,7.03873995,7.03873995,5.90920275
ssp460,2327,760.19901,7.03607071,7.03607071,5.90667122
ssp460,2328,759.891993,7.03340986,7.03340986,5.90414675
ssp460,2329,759.586004,7.0307637,7.0307637,5.90162986
ssp460,2330,759.279999,7.0281118,7.0281118,5.89911196
ssp460,2331,758.975001,7.02547207,7.02547207,5.8966016
ssp460,2332,758.670008,7.022829,7.022829,5.8940903
ssp460,2333,758.366002,7.02019801,7.02019801,5.89158637
ssp460,2334,758.062993,7.01757784,7.01757784,5.88908968
ssp460,2335,757.76,7.01494967,7.01494967,5.88659237
ssp460,2336,757.456991,7.01232764,7.01232764,5.88409408
ssp460,2337,757.155991,7.00972459,7.00972459,5.88161139
ssp460,2338,756.854004,7.00711141,7.00711141,5.87911982
ssp460,2339,756.552994,7.00450649,7.00450649,5.87663546
ssp460,2340,756.253006,7.00190996,7.00190996,5.87415868
ssp460,2341,755.952998,6.99931359,6.99931359,5.8716809
ssp460,2342,755.653997,6.99672563,6.99672563,5.86921059
ssp460,2343,755.355998,6.99414613,6.99414613,5.86674772
ssp460,2344,755.057002,6.99155857,6.99155857,5.86427578
ssp460,2345,754.759994,6.98899339,6.98899339,5.86181944
ssp460,2346,754.462997,6.98642015,6.98642015,5.85936246
ssp460,2347,754.16599,6.98384932,6.98384932,5.85690446
ssp460,2348,753.87,6.98129283,6.98129283,5.85445405
ssp460,2349,753.574005,6.97872813,6.97872813,5.85200289
ssp460,2350,753.279002,6.97617398,6.97617398,5.849559
ssp460,2351,752.984995,6.97363178,6.97363178,5.84712266
ssp460,2352,752.689992,6.97107787,6.97107787,5.84467713
ssp460,2353,752.397003,6.96854407,6.96854407,5.84224759
ssp460,2354,752.104009,6.96600448,6.96600448,5.83981719
ssp460,2355,751.810994,6.96347061,6.96347061,5.83738581
ssp460,2356,751.519007,6.9609476,6.9609476,5.83496204
ssp460,2357,751.227,6.95841611,6.95841611,5.8325374
ssp460,2358,750.936,6.95589887,6.95589887,5.83012031
ssp460,2359,750.645996,6.95338996,6.95338996,5.82771071
ssp460,2360,750.355006,6.95086691,6.95086691,5.8252921
ssp460,2361,750.065994,6.94836604,6.94836604,5.82288913
ssp460,2362,749.775996,6.94585705,6.94585705,5.82047717
ssp460,2363,749.487996,6.94336215,6.94336215,5.81808115
ssp460,2364,749.199,6.94085542,6.94085542,5.81567592
ssp460,2365,748.910996,6.93836282,6.93836282,5.81327816
ssp460,2366,748.623998,6.93587842,6.93587842,5.810888
ssp460,2367,748.337006,6.93339171,6.93339171,5.8084972
ssp460,2368,748.051,6.93091548,6.93091548,5.80611372
ssp460,2369,747.764994,6.92843668,6.92843668,5.80372957
ssp460,2370,747.478999,6.92596029,6.92596029,5.80134462
ssp460,2371,747.193995,6.92348966,6.92348966,5.79896726
ssp460,2372,746.909994,6.92102964,6.92102964,5.79659738
ssp460,2373,746.625997,6.91856725,6.91856725,5.79422688
ssp460,2374,746.342005,6.91610459,6.91610459,5.79185564
ssp460,2375,746.058996,6.91365013,6.91365013,5.78949183
ssp460,2376,745.775996,6.91119795,6.91119795,5.78712723
ssp460,2377,745.493998,6.90875745,6.90875745,5.78477033
ssp460,2378,745.212001,6.90631097,6.90631097,5.78241268
ssp460,2379,744.930003,6.90386419,6.90386419,5.78005426
ssp460,2380,744.649007,6.90142576,6.90142576,5.77770345
ssp460,2381,744.368998,6.89900131,6.89900131,5.77536014
ssp460,2382,744.089004,6.89657078,6.89657078,5.7730162
ssp460,2383,743.809001,6.89414004,6.89414004,5.77067142
ssp460,2384,743.529999,6.89171748,6.89171748,5.76833427
ssp460,2385,743.250992,6.88930057,6.88930057,5.76599633
ssp460,2386,742.972997,6.88688365,6.88688365,5.76366623
ssp460,2387,742.695002,6.88447478,6.88447478,5.76133528
ssp460,2388,742.417007,6.88205982,6.88205982,5.75900357
ssp460,2389,742.140005,6.87965065,6.87965065,5.75667954
ssp460,2390,741.863998,6.87725777,6.87725777,5.75436303
ssp460,2391,741.588003,6.87485892,6.87485892,5.75204587
ssp460,2392,741.312007,6.87246329,6.87246329,5.74972807
ssp460,2393,741.037003,6.87007231,6.87007231,5.74741775
ssp460,2394,740.761993,6.86768454,6.86768454,5.74510677
ssp460,2395,740.48701,6.86529674,6.86529674,5.74279526
ssp460,2396,740.212992,6.86291329,6.86291329,5.74049104
ssp460,2397,739.939992,6.86054167,6.86054167,5.73819475
ssp460,2398,739.667007,6.85816982,6.85816982,5.73589786
ssp460,2399,739.393992,6.855794,6.855794,5.73359987
ssp460,2400,739.121994,6.85342995,6.85342995,5.73130983
ssp460,2401,738.849996,6.85106572,6.85106572,5.72901907
ssp460,2402,738.577993,6.84869519,6.84869519,5.72672754
ssp460,2403,738.307002,6.84633882,6.84633882,5.72444382
ssp460,2404,738.037008,6.84399294,6.84399294,5.72216767
ssp460,2405,737.765991,6.84163591,6.84163591,5.7198823
ssp460,2406,737.496999,6.83929547,6.83929547,5.71761328
ssp460,2407,737.227,6.83694636,6.83694636,5.71533506
ssp460,2408,736.958003,6.83459939,6.83459939,5.71306458
ssp460,2409,736.690002,6.83226411,6.83226411,5.71080191
ssp460,2410,736.421997,6.82993094,6.82993094,5.70853838
ssp460,2411,736.153992,6.82759735,6.82759735,5.70627415
ssp460,2412,735.887004,6.82527212,6.82527212,5.7040178
ssp460,2413,735.62,6.82294642,6.82294642,5.70176063
ssp460,2414,735.352997,6.82062036,6.82062036,5.69950275
ssp460,2415,735.087001,6.81830023,6.81830023,5.6972528
ssp460,2416,734.820999,6.81598192,6.81598192,5.69500199
ssp460,2417,734.556,6.81367191,6.81367191,5.69275897
ssp460,2418,734.291005,6.81135929,6.81135929,5.69051541
ssp460,2419,734.027003,6.80906289,6.80906289,5.68827944
ssp460,2420,733.763,6.80675796,6.80675796,5.68604289
ssp460,2421,733.498993,6.80445501,6.80445501,5.6838055
ssp460,2422,733.235998,6.80215785,6.80215785,5.68157611
ssp460,2423,732.973002,6.79986278,6.79986278,5.67934592
ssp460,2424,732.710993,6.79757929,6.79757929,5.67712352
ssp460,2425,732.449,6.79529205,6.79529205,5.67490047
ssp460,2426,732.187001,6.79300201,6.79300201,5.6726768
ssp460,2427,731.92601,6.79072018,6.79072018,5.67046099
ssp460,2428,731.664998,6.78844614,6.78844614,5.66824423
ssp460,2429,731.404994,6.78617201,6.78617201,5.66603545
ssp460,2430,731.144994,6.78389743,6.78389743,5.66382604
ssp460,2431,730.885005,6.7816287,6.7816287,5.66161605
ssp460,2432,730.626002,6.77936423,6.77936423,5.65941366
ssp460,2433,730.366999,6.77709719,6.77709719,5.65721071
ssp460,2434,730.108002,6.77483578,6.77483578,5.65500713
ssp460,2435,729.850001,6.77257643,6.77257643,5.65281137
ssp460,2436,729.592997,6.77033117,6.77033117,5.65062343
ssp460,2437,729.335007,6.76807128,6.76807128,5.64842643
ssp460,2438,729.079005,6.76583377,6.76583377,5.6462457
ssp460,2439,728.821991,6.7635814,6.7635814,5.64405569
ssp460,2440,728.566004,6.76134325,6.76134325,5.64187377
ssp460,2441,728.310008,6.75909882,6.75909882,5.63969111
ssp460,2442,728.054998,6.75686838,6.75686838,5.6375162
ssp460,2443,727.799998,6.7546316,6.7546316,5.63534074
ssp460,2444,727.544998,6.75240046,6.75240046,5.63316461
ssp460,2445,727.291,6.75017748,6.75017748,5.63099639
ssp460,2446,727.036997,6.74794806,6.74794806,5.62882747
ssp460,2447,726.784002,6.74573046,6.74573046,5.62666662
ssp460,2448,726.531001,6.74350883,6.74350883,5.62450496
ssp460,2449,726.277995,6.74129279,6.74129279,5.62234262
ssp460,2450,726.025996,6.73908494,6.73908494,5.62018824
ssp460,2451,725.774002,6.73687424,6.73687424,5.61803338
ssp460,2452,725.521998,6.73465968,6.73465968,5.61587767
ssp460,2453,725.271001,6.73245922,6.73245922,5.61372994
ssp460,2454,725.019994,6.73025588,6.73025588,5.6115816
ssp460,2455,724.769994,6.72806316,6.72806316,5.60944113
ssp460,2456,724.520004,6.72586404,6.72586404,5.60730012
ssp460,2457,724.269994,6.72366809,6.72366809,5.6051584
ssp460,2458,724.020996,6.72148278,6.72148278,5.60302462
ssp460,2459,723.772003,6.71929467,6.71929467,5.60089035
ssp460,2460,723.524002,6.7171171,6.7171171,5.59876386
ssp460,2461,723.274999,6.71492219,6.71492219,5.59662826
ssp460,2462,723.028005,6.71275235,6.71275235,5.59450915
ssp460,2463,722.780004,6.71057116,6.71057116,5.59238089
ssp460,2464,722.533005,6.70839815,6.70839815,5.5902606
ssp460,2465,722.285996,6.70622704,6.70622704,5.5881395
ssp460,2466,722.039993,6.70406182,6.70406182,5.58602653
ssp460,2467,721.794001,6.70189856,6.70189856,5.58391293
ssp460,2468,721.547994,6.69973246,6.69973246,5.58179868
ssp460,2469,721.302999,6.69757469,6.69757469,5.57969252
ssp460,2470,721.058009,6.69541646,6.69541646,5.57758579
ssp460,2471,720.814,6.69326862,6.69326862,5.57548678
ssp460,2472,720.569,6.69110949,6.69110949,5.57337874
ssp460,2473,720.325994,6.68896117,6.68896117,5.57128724
ssp460,2474,720.082006,6.68681002,6.68681002,5.56918668
ssp460,2475,719.838999,6.68466913,6.68466913,5.56709387
ssp460,2476,719.595998,6.68253156,6.68253156,5.5650006
ssp460,2477,719.353999,6.68039624,6.68039624,5.56291535
ssp460,2478,719.11201,6.6782605,6.6782605,5.56082959
ssp460,2479,718.869995,6.67612421,6.67612421,5.55874301
ssp460,2480,718.628998,6.67399618,6.67399618,5.5566646
ssp460,2481,718.388,6.67186781,6.67186781,5.5545856
ssp460,2482,718.146998,6.66973898,6.66973898,5.55250595
ssp460,2483,717.907003,6.66761837,6.66761837,5.5504344
ssp460,2484,717.667002,6.66549734,6.66549734,5.54836221
ssp460,2485,717.427002,6.66337595,6.66337595,5.54628942
ssp460,2486,717.188009,6.66126271,6.66126271,5.54422475
ssp460,2487,716.949005,6.65914899,6.65914899,5.54215939
ssp460,2488,716.710002,6.65703487,6.65703487,5.54009344
ssp460,2489,716.472,6.65492903,6.65492903,5.53803557
ssp460,2490,716.234004,6.65282277,6.65282277,5.53597716
ssp460,2491,715.996994,6.65073053,6.65073053,5.53392669
ssp460,2492,715.759008,6.64862359,6.64862359,5.5318672
ssp460,2493,715.522008,6.6465247,6.6465247,5.52981565
ssp460,2494,715.285996,6.6444315,6.6444315,5.52777218
ssp460,2495,715.050003,6.6423405,6.6423405,5.52572819
ssp460,2496,714.81399,6.6402489,6.6402489,5.52368346
ssp460,2497,714.578003,6.63815701,6.63815701,5.52163836
ssp460,2498,714.342997,6.63607328,6.63607328,5.5196012
ssp460,2499,714.107997,6.63399267,6.63399267,5.51756361
ssp460,2500,713.991002,6.63295188,6.63295188,5.51654893
ssp585,1750,277.147003,0.259367068,0,0
ssp585,1751,277.188001,0.242788114,0.001756263,0.000823549
ssp585,1752,277.229001,0.214655617,0.00369797,0.001647036
ssp585,1753,277.263,0.179488272,0.004707139,0.002329817
ssp585,1754,277.304003,0.145353885,0.004987226,0.003153146
ssp585,1755,277.351003,0.098651144,0.00703343,0.004096748
ssp585,1756,277.389,-0.133032153,0.008562432,0.004859497
ssp585,1757,277.441999,0.016012389,0.008843661,0.005923233
ssp585,1758,277.489001,0.147192448,0.010441407,0.006866449
ssp585,1759,277.539998,0.226591085,0.011487358,0.007889672
ssp585,1760,277.605003,0.261231482,0.011816783,0.009193695
ssp585,1761,277.663999,0.259795206,0.013356894,0.01037692
ssp585,1762,277.732002,-0.664034413,0.015655135,0.011740518
ssp585,1763,277.795998,-0.415601766,0.017507469,0.013023458
ssp585,1764,277.859004,-0.048122205,0.020829214,0.0142863
ssp585,1765,277.913,0.070897668,0.021064017,0.015368335
ssp585,1766,277.958,-0.229307493,0.02304658,0.016269969
ssp585,1767,278.016998,-0.265746612,0.024977115,0.017451845
ssp585,1768,278.077995,0.049881921,0.024859738,0.018673525
ssp585,1769,278.135005,0.221123065,0.026963906,0.019815112
ssp585,1770,278.193998,0.158125581,0.0284695,0.02099619
ssp585,1771,278.270002,0.20679169,0.032155605,0.022517504
ssp585,1772,278.334,0.248712785,0.034802076,0.023798201
ssp585,1773,278.411995,0.237596245,0.036707251,0.025358641
ssp585,1774,278.491,0.204710986,0.036778843,0.026938866
ssp585,1775,278.586004,0.174756172,0.039927799,0.028838548
ssp585,1776,278.682999,0.157259871,0.042705085,0.030777429
ssp585,1777,278.773997,0.163114045,0.044456845,0.032595871
ssp585,1778,278.866,0.209072943,0.045683078,0.034433829
ssp585,1779,278.959002,0.283348935,0.048521798,0.036291184
ssp585,1780,279.054003,0.327445436,0.049830276,0.038187868
ssp585,1781,279.144999,0.329656163,0.05219324,0.040004025
ssp585,1782,279.243001,0.308001709,0.054827636,0.041959409
ssp585,1783,279.339999,-1.51950425,0.057058888,0.043894127
ssp585,1784,279.434001,-3.44041412,0.060112981,0.045768496
ssp585,1785,279.532003,-1.31130381,0.061087427,0.047722011
ssp585,1786,279.629,-0.492673872,0.063551614,0.049654877
ssp585,1787,279.729001,-0.086369104,0.065039304,0.051646949
ssp585,1788,279.830999,0.167807172,0.065935378,0.053678115
ssp585,1789,279.932999,0.315426492,0.068959659,0.055708645
ssp585,1790,280.037003,0.366678876,0.071274577,0.057778368
ssp585,1791,280.140999,0.36298785,0.074371629,0.059847231
ssp585,1792,280.240997,0.349870689,0.076971788,0.061835891
ssp585,1793,280.331998,0.321899915,0.078955507,0.063645066
ssp585,1794,280.415001,0.286532022,0.079176076,0.065294756
ssp585,1795,280.491997,0.251409469,0.081854205,0.066824664
ssp585,1796,280.554995,0.090001781,0.083891729,0.068076159
ssp585,1797,280.623001,-0.033018026,0.084844618,0.069426834
ssp585,1798,280.682004,0.056002925,0.085756307,0.070598468
ssp585,1799,280.752998,0.143443087,0.087860297,0.072007897
ssp585,1800,280.833997,0.192958705,0.08912129,0.073615555
ssp585,1801,280.918999,0.23566036,0.091752613,0.075302189
ssp585,1802,280.993996,0.268337863,0.092857357,0.076789911
ssp585,1803,281.072995,0.289747046,0.095953737,0.078356655
ssp585,1804,281.156998,0.29484214,0.098384119,0.080022161
ssp585,1805,281.233996,0.287677634,0.099638725,0.081548406
ssp585,1806,281.322001,0.275813458,0.102208227,0.083292345
ssp585,1807,281.409002,0.257594437,0.104021288,0.085015884
ssp585,1808,281.496,0.237395252,0.105470788,0.086738879
ssp585,1809,281.565997,-3.33083486,0.108205003,0.088124842
ssp585,1810,281.648003,-2.29017827,0.110419986,0.089748159
ssp585,1811,281.717997,-0.69056559,0.113200038,0.09113338
ssp585,1812,281.789998,-0.088925059,0.115828947,0.092557987
ssp585,1813,281.858002,0.130637583,0.117734597,0.093903202
ssp585,1814,281.931005,0.219753506,0.117983723,0.095346984
ssp585,1815,281.991997,-3.25206267,0.120379554,0.096552995
ssp585,1816,282.059001,-4.22601614,0.12182814,0.097877575
ssp585,1817,282.127001,-1.41327998,0.123522992,0.099221563
ssp585,1818,282.199999,-0.295530995,0.124545621,0.100663981
ssp585,1819,282.272006,0.079272084,0.127157035,0.102086437
ssp585,1820,282.346001,0.192818414,0.128131348,0.103547876
ssp585,1821,282.415004,0.118515613,0.130088114,0.104910394
ssp585,1822,282.477,0.113929858,0.131864655,0.106134314
ssp585,1823,282.540001,-0.222103917,0.133733595,0.107377814
ssp585,1824,282.617996,0.031987002,0.135795743,0.108916918
ssp585,1825,282.676,0.202594997,0.136239768,0.110061326
ssp585,1826,282.692998,0.286902678,0.137353301,0.110396748
ssp585,1827,282.692996,0.327418825,0.136615832,0.110396809
ssp585,1828,282.708003,0.339526382,0.135645978,0.11069289
ssp585,1829,282.760996,0.334322889,0.137571318,0.111738122
ssp585,1830,282.824999,0.313130025,0.135473642,0.113000237
ssp585,1831,282.890996,-2.14049609,0.138579172,0.114301406
ssp585,1832,282.921997,-1.41891638,0.139303432,0.114912636
ssp585,1833,282.965998,-0.355091548,0.139413985,0.115780007
ssp585,1834,283.028,0.046924787,0.138740062,0.11700213
ssp585,1835,283.085999,-1.56239446,0.140092107,0.118145105
ssp585,1836,283.149,-0.909410803,0.138421501,0.119386371
ssp585,1837,283.198001,-0.061583694,0.138651201,0.120351596
ssp585,1838,283.253003,0.246881653,0.137877164,0.121434662
ssp585,1839,283.311,0.334963088,0.138487697,0.122576461
ssp585,1840,283.382001,0.346484826,0.138408082,0.123974135
ssp585,1841,283.466998,0.325506113,0.138786495,0.125646976
ssp585,1842,283.528,0.294683261,0.138973992,0.126847365
ssp585,1843,283.566002,0.267168924,0.140496831,0.127594813
ssp585,1844,283.608999,0.249488034,0.140915996,0.128440355
ssp585,1845,283.724996,0.248448246,0.14097865,0.130721184
ssp585,1846,283.847,0.082645907,0.14495819,0.133118939
ssp585,1847,283.936,0.150871692,0.144517965,0.134867398
ssp585,1848,284.067998,0.244821927,0.145428455,0.137459806
ssp585,1849,284.206998,0.288961076,0.14729175,0.140188526
ssp585,1850,284.316999,0.310824461,0.146519275,0.142347045
ssp585,1851,284.451004,0.312119404,0.149707599,0.144975578
ssp585,1852,284.598002,0.309022319,0.152194204,0.147857663
ssp585,1853,284.730998,0.136887502,0.153837252,0.150463935
ssp585,1854,284.845998,0.089025719,0.149828656,0.152716599
ssp585,1855,284.940999,0.210728567,0.153003818,0.154576796
ssp585,1856,285.048993,0.218082292,0.153437416,0.156690742
ssp585,1857,285.204,0.059697689,0.156156732,0.159723814
ssp585,1858,285.369001,0.210699547,0.159183199,0.162950841
ssp585,1859,285.544996,0.294072222,0.161081334,0.166390803
ssp585,1860,285.738993,0.328347827,0.161513798,0.170180332
ssp585,1861,285.933001,0.268895709,0.16471651,0.173967585
ssp585,1862,286.100001,-0.478745502,0.169373414,0.177225628
ssp585,1863,286.271001,-0.118091175,0.171992689,0.180559966
ssp585,1864,286.442001,0.173190366,0.173752939,0.183892469
ssp585,1865,286.613996,0.273453037,0.174765202,0.187242443
ssp585,1866,286.780998,0.306345499,0.179062167,0.190493343
ssp585,1867,286.955002,0.312878451,0.179720182,0.193878689
ssp585,1868,287.105001,0.328616942,0.182197615,0.196795336
ssp585,1869,287.224999,0.348082439,0.182552342,0.199127489
ssp585,1870,287.354998,0.351102048,0.183645024,0.201653103
ssp585,1871,287.494001,0.361846042,0.183325057,0.204352384
ssp585,1872,287.663996,0.351283457,0.179857167,0.207652059
ssp585,1873,287.860001,0.134261403,0.177156221,0.211454436
ssp585,1874,288.061,0.25101457,0.185081207,0.215351248
ssp585,1875,288.291003,0.253199158,0.185255714,0.219807362
ssp585,1876,288.519997,0.258610477,0.18669111,0.224240713
ssp585,1877,288.752001,0.294559915,0.187711597,0.228729132
ssp585,1878,288.993001,0.30749664,0.191507838,0.233388011
ssp585,1879,289.221001,0.309906527,0.18848352,0.237792253
ssp585,1880,289.469999,0.27958636,0.180519904,0.242598499
ssp585,1881,289.736997,0.29525976,0.181177488,0.247748095
ssp585,1882,290.019002,0.329459931,0.180118131,0.25318238
ssp585,1883,290.263,-0.188130277,0.17752229,0.257880277
ssp585,1884,290.511999,-1.65271067,0.180211637,0.262670687
ssp585,1885,290.796997,-0.489360153,0.184997347,0.268149143
ssp585,1886,291.099996,0.057618408,0.191628993,0.273968261
ssp585,1887,291.413999,0.108548126,0.192457584,0.279992719
ssp585,1888,291.763,0.256148249,0.183993479,0.286681833
ssp585,1889,292.113001,0.314911152,0.193364428,0.29338254
ssp585,1890,292.457998,0.195445583,0.185952851,0.299980336
ssp585,1891,292.815999,0.048696662,0.18640592,0.306819333
ssp585,1892,293.167,0.254992669,0.191836929,0.313516961
ssp585,1893,293.477,0.390238938,0.201855433,0.319425909
ssp585,1894,293.790998,0.4164758,0.201867755,0.325405044
ssp585,1895,294.078997,0.393319384,0.197199597,0.330883807
ssp585,1896,294.364998,0.366210371,0.195614329,0.336319851
ssp585,1897,294.645999,0.343646047,0.189452072,0.341656073
ssp585,1898,294.954,0.329146621,0.182639366,0.347499709
ssp585,1899,295.299998,0.304648059,0.167306291,0.354057399
ssp585,1900,295.674995,0.29359788,0.161562674,0.361156779
ssp585,1901,296.006999,0.28028533,0.157386456,0.367435048
ssp585,1902,296.324999,0.178577121,0.15608961,0.373441717
ssp585,1903,296.653997,-0.61984679,0.138675526,0.379649516
ssp585,1904,296.953995,-0.139973277,0.140838754,0.385304501
ssp585,1905,297.288996,0.174575233,0.128175451,0.391613307
ssp585,1906,297.661997,0.290421799,0.122655411,0.398630192
ssp585,1907,298.097995,0.140105645,0.098227754,0.40682203
ssp585,1908,298.51799,0.241788889,0.128056102,0.414702322
ssp585,1909,298.935992,0.284108629,0.121221134,0.422534951
ssp585,1910,299.376996,0.266237486,0.115971019,0.430787545
ssp585,1911,299.828992,0.258777693,0.12667367,0.439233831
ssp585,1912,300.352992,-0.192128559,0.122339744,0.449012375
ssp585,1913,300.909993,-0.263736199,0.110342093,0.459389268
ssp585,1914,301.418991,0.128079595,0.158630435,0.468855947
ssp585,1915,301.936989,0.325526971,0.172588424,0.478475109
ssp585,1916,302.484988,0.361446296,0.15144233,0.488635611
ssp585,1917,303.010989,0.377756631,0.14566804,0.498371797
ssp585,1918,303.448987,0.397720814,0.162063757,0.506467787
ssp585,1919,303.813988,0.442648858,0.239844438,0.513207387
ssp585,1920,304.245987,0.380148595,0.208546333,0.521174253
ssp585,1921,304.599988,0.4395535,0.287346953,0.527694471
ssp585,1922,304.944982,0.308577332,0.275488178,0.534041822
ssp585,1923,305.270983,0.281350582,0.219006321,0.540031826
ssp585,1924,305.629984,0.370615851,0.232855922,0.54662335
ssp585,1925,305.812981,0.391280217,0.232616963,0.549980803
ssp585,1926,305.953985,0.420639767,0.23390013,0.552566519
ssp585,1927,306.176987,0.419956471,0.209761519,0.556653841
ssp585,1928,306.32898,0.38759358,0.217583404,0.559437428
ssp585,1929,306.494987,0.2012564,0.19401158,0.562476715
ssp585,1930,306.619977,0.416798475,0.237882726,0.564764001
ssp585,1931,306.821983,0.467402575,0.303714334,0.56845762
ssp585,1932,307.092979,0.370299951,0.367536595,0.573410874
ssp585,1933,307.40198,0.458818998,0.355154009,0.579053443
ssp585,1934,307.784983,0.472319142,0.325187091,0.586041125
ssp585,1935,308.22698,0.47708508,0.303606182,0.594095074
ssp585,1936,309.011973,0.517185378,0.286317731,0.608373553
ssp585,1937,309.763975,0.49974745,0.26586234,0.622020125
ssp585,1938,310.293976,0.540716251,0.317545453,0.631618597
ssp585,1939,310.850975,0.518759599,0.298771337,0.64169047
ssp585,1940,311.356977,0.463542351,0.263260895,0.650825128
ssp585,1941,311.810974,0.438478072,0.254193653,0.659008869
ssp585,1942,312.171977,0.418371952,0.25284912,0.665507422
ssp585,1943,312.389979,0.400072241,0.253501427,0.669422105
ssp585,1944,312.412972,0.419875859,0.268407044,0.669832834
ssp585,1945,312.384977,0.525887912,0.339337221,0.669326227
ssp585,1946,312.389971,0.556618052,0.353319455,0.669413442
ssp585,1947,312.485972,0.547685437,0.29920231,0.671139122
ssp585,1948,312.520968,0.546266864,0.282524369,0.671767887
ssp585,1949,312.631971,0.559621136,0.311215303,0.67376315
ssp585,1950,312.820976,0.474599199,0.260160368,0.677158085
ssp585,1951,313.013972,0.413477145,0.243851031,0.680623044
ssp585,1952,313.341977,0.414575793,0.247285261,0.686507944
ssp585,1953,313.729968,0.404421928,0.250515423,0.69346019
ssp585,1954,314.094968,0.416652182,0.2629193,0.699994297
ssp585,1955,314.41497,0.402009835,0.221308805,0.705715604
ssp585,1956,314.697968,0.431574299,0.191069172,0.710769672
ssp585,1957,314.991961,0.473615447,0.177506105,0.716016098
ssp585,1958,315.344966,0.490932773,0.187755919,0.722311449
ssp585,1959,315.806966,0.442259245,0.171097578,0.730542582
ssp585,1960,316.624967,0.415764878,0.166652919,0.745090451
ssp585,1961,317.298963,0.289636333,0.091889853,0.75705023
ssp585,1962,318.043963,0.111786054,0.103420143,0.770242964
ssp585,1963,318.649963,-0.63469637,0.103205802,0.780951733
ssp585,1964,319.332962,-0.546284146,0.101471053,0.792999842
ssp585,1965,319.815961,-0.213572606,0.103616204,0.801503982
ssp585,1966,320.879957,0.235806088,0.117724163,0.820202221
ssp585,1967,321.479958,0.107530174,0.150979357,0.830718461
ssp585,1968,322.388957,0.204090108,0.153341422,0.846619614
ssp585,1969,323.250956,0.291803716,0.164337093,0.861660248
ssp585,1970,324.782956,0.299550842,0.166098886,0.888306357
ssp585,1971,325.399956,0.191976148,0.198241558,0.899000858
ssp585,1972,327.348953,0.301156356,0.227947169,0.932677572
ssp585,1973,329.908951,0.404258532,0.253707649,0.97663716
ssp585,1974,330.755953,0.388499602,0.304505418,0.991107189
ssp585,1975,330.826955,0.124523236,0.347976718,0.992310178
ssp585,1976,331.54495,0.359449582,0.339787091,1.00454518
ssp585,1977,333.352946,0.520567383,0.385137679,1.0352617
ssp585,1978,335.009949,0.637580426,0.433825855,1.0632785
ssp585,1979,336.604947,0.706597426,0.467396316,1.09012689
ssp585,1980,338.704946,0.720325335,0.526889785,1.12530278
ssp585,1981,340.05895,0.762805854,0.600280291,1.14787264
ssp585,1982,340.643941,0.533054386,0.646020365,1.15759014
ssp585,1983,342.265948,0.072857728,0.708827662,1.18447874
ssp585,1984,344.007947,0.50694657,0.745212528,1.21322786
ssp585,1985,345.458954,0.749419331,0.787716202,1.23706994
ssp585,1986,346.902946,0.806277025,0.830883097,1.26070529
ssp585,1987,348.774946,0.91382896,0.865245085,1.29121782
ssp585,1988,351.275932,1.06421476,0.92252942,1.33175665
ssp585,1989,352.893923,1.20505072,0.969141524,1.35782563
ssp585,1990,354.072932,1.23339996,1.01074614,1.37675376
ssp585,1991,355.352938,0.713663151,1.04833929,1.39724855
ssp585,1992,356.228948,-0.510439656,1.11375903,1.41123293
ssp585,1993,356.92496,0.341187101,1.14775448,1.42232204
ssp585,1994,358.25396,1.09538585,1.19583255,1.44344174
ssp585,1995,360.238955,1.32203921,1.26140939,1.47487083
ssp585,1996,362.004962,1.42411091,1.31529624,1.50268352
ssp585,1997,363.251956,1.47567722,1.32924047,1.52224317
ssp585,1998,365.932955,1.60850011,1.41097791,1.56412563
ssp585,1999,367.844978,1.73309837,1.4989184,1.59381719
ssp585,2000,369.124975,1.78552229,1.52490041,1.61359987
ssp585,2001,370.672989,1.79817635,1.55185545,1.63745864
ssp585,2002,372.834994,1.8533745,1.59608578,1.67064359
ssp585,2003,375.410998,1.80124534,1.61670154,1.70996038
ssp585,2004,376.987002,1.77797783,1.613467,1.73388657
ssp585,2005,378.907008,1.73664331,1.6206865,1.76291317
ssp585,2006,381.010007,1.73422801,1.64953117,1.79455584
ssp585,2007,382.60302,1.7675046,1.69745572,1.81841661
ssp585,2008,384.739019,1.83865343,1.75922739,1.85027109
ssp585,2009,386.280022,1.8804231,1.82765228,1.8731523
ssp585,2010,388.717031,1.99413816,1.88791117,1.90917914
ssp585,2011,390.944021,2.03203345,1.92036901,1.94191537
ssp585,2012,393.015991,2.12662572,1.97097487,1.9722262
ssp585,2013,395.724978,2.2141263,2.03121078,2.01164737
ssp585,2014,397.546979,2.24580988,2.07089676,2.03800698
ssp585,2015,399.948786,2.35467597,2.22364701,2.07259769
ssp585,2016,403.116964,2.39324494,2.31297834,2.11796878
ssp585,2017,405.793961,2.45784796,2.40143856,2.15605939
ssp585,2018,408.759964,2.52772984,2.48929925,2.19800145
ssp585,2019,411.78996,2.60071124,2.5769638,2.24056858
ssp585,2020,414.890963,2.68068628,2.66571244,2.28384478
ssp585,2021,418.064957,2.76124893,2.72372705,2.32784179
ssp585,2022,421.334958,2.84607957,2.78269971,2.37285992
ssp585,2023,424.720952,2.91537213,2.84338156,2.41914917
ssp585,2024,428.219955,2.97258126,2.90571287,2.46664055
ssp585,2025,431.829959,3.01446761,2.96964421,2.51527926
ssp585,2026,435.549955,3.05498781,3.03514958,2.56502449
ssp585,2027,439.37795,3.0964333,3.10203271,2.61582271
ssp585,2028,443.314952,3.15434637,3.17015512,2.66766071
ssp585,2029,447.360947,3.20677504,3.23956191,2.72051158
ssp585,2030,451.514949,3.26839578,3.31026121,2.77433591
ssp585,2031,455.778949,3.32482113,3.37561967,2.829133
ssp585,2032,460.163948,3.39367334,3.44248113,2.88501587
ssp585,2033,464.681948,3.48406942,3.51105154,2.94210576
ssp585,2034,469.330945,3.59262493,3.58132711,3.0003436
ssp585,2035,474.111939,3.66915648,3.65329469,3.05970881
ssp585,2036,479.024941,3.75985207,3.7269237,3.12016826
ssp585,2037,484.071938,3.81797923,3.8021857,3.18171317
ssp585,2038,489.251935,3.89412775,3.87902069,3.24429818
ssp585,2039,494.566935,3.947954,3.95738718,3.30791438
ssp585,2040,500.018931,4.00468658,4.03724891,3.3725523
ssp585,2041,505.607931,4.07446974,4.12726682,3.4381786
ssp585,2042,511.341927,4.16029363,4.21866229,3.50485335
ssp585,2043,517.227926,4.25561938,4.31132005,3.57262212
ssp585,2044,523.266932,4.36193796,4.40522352,3.64145896
ssp585,2045,529.45992,4.49319438,4.50034188,3.71133791
ssp585,2046,535.808934,4.61405783,4.59666266,3.78224473
ssp585,2047,542.313914,4.73900283,4.69413922,3.8541417
ssp585,2048,548.976919,4.84026295,4.79276495,3.92701478
ssp585,2049,555.799922,4.91772622,4.89251404,4.00084865
ssp585,2050,562.783925,4.98404219,4.99335167,4.07561737
ssp585,2051,569.929916,5.05645941,5.08278853,4.1512949
ssp585,2052,577.257909,5.13093091,5.17293275,4.22805376
ssp585,2053,584.78392,5.21023703,5.26347562,4.30601658
ssp585,2054,592.506907,5.30550359,5.35443565,4.38512545
ssp585,2055,600.428909,5.41781477,5.44583196,4.46535514
ssp585,2056,608.549901,5.53555038,5.53767708,4.54665943
ssp585,2057,616.869904,5.62862601,5.62998411,4.62899358
ssp585,2058,625.390905,5.72569919,5.72276913,4.71233269
ssp585,2059,634.113887,5.82219979,5.81604272,4.79664212
ssp585,2060,643.040899,5.89444738,5.90981416,4.88189811
ssp585,2061,652.1719,5.97522255,6.00882937,4.96805711
ssp585,2062,661.506907,6.05971052,6.10831903,5.055077
ssp585,2063,671.044886,6.15437775,6.20829094,5.14290722
ssp585,2064,680.788895,6.25287913,6.30875351,5.23153562
ssp585,2065,690.738881,6.36026343,6.40970719,5.32092146
ssp585,2066,700.898885,6.49028696,6.51115502,5.41106135
ssp585,2067,711.26888,6.6177517,6.61308588,5.50191542
ssp585,2068,721.850886,6.7343111,6.71549746,5.59346247
ssp585,2069,732.647883,6.83146373,6.81838953,5.68568962
ssp585,2070,743.66187,6.91903951,6.92175055,5.77857528
ssp585,2071,754.892883,7.00597201,7.03119593,5.87208158
ssp585,2072,766.322871,7.10454766,7.14066569,5.96602381
ssp585,2073,777.929871,7.20548277,7.24971509,6.06019415
ssp585,2074,789.718882,7.30235421,7.35841681,6.15460958
ssp585,2075,801.690872,7.405922,7.4668027,6.24925372
ssp585,2076,813.847875,7.50919336,7.57491115,6.34411892
ssp585,2077,826.192871,7.62341241,7.68277058,6.43920429
ssp585,2078,838.726878,7.74894634,7.79040299,6.53449361
ssp585,2079,851.451864,7.87574394,7.89783859,6.62997804
ssp585,2080,864.368866,7.99660184,8.00508655,6.72564142
ssp585,2081,877.479863,8.10681186,8.1135358,6.82147468
ssp585,2082,890.708867,8.21324558,8.22105339,6.91690963
ssp585,2083,903.980866,8.30464624,8.3268695,7.01141361
ssp585,2084,917.300873,8.40220562,8.43110604,7.10504039
ssp585,2085,930.670863,8.48330937,8.53385646,7.19782012
ssp585,2086,944.091868,8.57269113,8.63518665,7.28977521
ssp585,2087,957.566869,8.67171925,8.73518606,7.38093973
ssp585,2088,971.095866,8.77213678,8.83391261,7.47132682
ssp585,2089,984.680867,8.8863458,8.93143144,7.56096165
ssp585,2090,998.320862,9.01043231,9.02778717,7.64984912
ssp585,2091,1012.01987,9.12717678,9.12411799,7.73802559
ssp585,2092,1025.73985,9.24896232,9.2193856,7.82526021
ssp585,2093,1039.44986,9.33223977,9.31362476,7.91137751
ssp585,2094,1053.14988,9.40321715,9.40686875,7.99640132
ssp585,2095,1066.84987,9.47788566,9.49921302,8.08041528
ssp585,2096,1080.52986,9.54856385,9.59055388,8.16331858
ssp585,2097,1094.20988,9.63200879,9.68105382,8.24525393
ssp585,2098,1107.88986,9.71512815,9.77072906,8.326239
ssp585,2099,1121.54988,9.81339246,9.8594871,8.40617536
ssp585,2100,1135.20987,9.92327927,9.94746928,8.48519841
ssp585,2101,1148.85987,10.0250069,10.0233535,8.56326747
ssp585,2102,1162.46988,10.0982149,10.0979876,8.64023065
ssp585,2103,1176.02987,10.1704741,10.1712717,8.71605389
ssp585,2104,1189.52988,10.231235,10.2431953,8.79070602
ssp585,2105,1202.97989,10.2806411,10.3138318,8.8642655
ssp585,2106,1216.36987,10.3378842,10.3831726,8.93669998
ssp585,2107,1229.69987,10.3960247,10.451248,9.0080323
ssp585,2108,1242.96988,10.4618092,10.5180837,9.07828429
ssp585,2109,1256.18987,10.533915,10.5837721,9.14752903
ssp585,2110,1269.34989,10.6191143,10.6482823,9.21573395
ssp585,2111,1282.44987,10.7257153,10.7116495,9.28291818
ssp585,2112,1295.48988,10.7899102,10.7738957,9.34910141
ssp585,2113,1308.46988,10.8535609,10.8350475,9.41430194
ssp585,2114,1321.38988,10.8887955,10.8951337,9.47853771
ssp585,2115,1334.24989,10.9405055,10.954169,9.54182593
ssp585,2116,1347.04987,10.9773558,11.0121872,9.60418327
ssp585,2117,1359.7799,11.0232454,11.06916,9.6655786
ssp585,2118,1372.43988,11.072063,11.1251044,9.72602871
ssp585,2119,1385.0399,11.1272946,11.1800934,9.78559751
ssp585,2120,1397.56989,11.2010685,11.2340933,9.84425352
ssp585,2121,1410.03989,11.2848991,11.2871834,9.90205844
ssp585,2122,1422.42988,11.3697238,11.3392861,9.95893516
ssp585,2123,1434.75989,11.4021064,11.3905059,10.0149903
ssp585,2124,1447.00991,11.4567736,11.4407713,10.0701479
ssp585,2125,1459.18988,11.4793619,11.4901536,10.1244674
ssp585,2126,1471.28989,11.5043474,11.5386159,10.177919
ssp585,2127,1483.31991,11.540073,11.5862252,10.2305609
ssp585,2128,1495.2799,11.5771097,11.6329918,10.2824062
ssp585,2129,1507.1599,11.6255499,11.6788957,10.3334249
ssp585,2130,1518.95989,11.6904991,11.7239529,10.3836307
ssp585,2131,1530.67989,11.786241,11.7681706,10.4330369
ssp585,2132,1542.3199,11.8377563,11.8115718,10.4816569
ssp585,2133,1553.8799,11.8900465,11.8541655,10.5295029
ssp585,2134,1565.3599,11.9149559,11.8959715,10.5765875
ssp585,2135,1576.7599,11.9304451,11.9370027,10.6229229
ssp585,2136,1588.07991,11.9402055,11.9772675,10.6685211
ssp585,2137,1599.30991,11.9703115,12.0167458,10.7133538
ssp585,2138,1610.44991,11.9998364,12.0554489,10.7574334
ssp585,2139,1621.50989,12.0333789,12.0934298,10.8008109
ssp585,2140,1632.48991,12.0739626,12.1306933,10.8434977
ssp585,2141,1643.37991,12.1310629,12.1672276,10.8854655
ssp585,2142,1654.1699,12.1882167,12.2029941,10.9266879
ssp585,2143,1664.87992,12.2262149,12.2380865,10.9672522
ssp585,2144,1675.5099,12.2653771,12.2725148,11.0071688
ssp585,2145,1686.03991,12.2955083,12.3062181,11.0463729
ssp585,2146,1696.4799,12.3100858,12.3392439,11.0849128
ssp585,2147,1706.8199,12.340314,12.3715645,11.1227624
ssp585,2148,1717.07993,12.359565,12.4032615,11.1600051
ssp585,2149,1727.23991,12.3838667,12.4342847,11.1965777
ssp585,2150,1737.31991,12.411156,12.4647081,11.2325621
ssp585,2151,1747.28993,12.4413586,12.4944408,11.2678614
ssp585,2152,1757.16991,12.4886727,12.5235722,11.3025563
ssp585,2153,1766.94991,12.5521512,12.5520655,11.3366212
ssp585,2154,1776.6399,12.6067338,12.5799809,11.3701003
ssp585,2155,1786.21991,12.6329672,12.6072494,11.4029343
ssp585,2156,1795.69991,12.6546878,12.6339207,11.435167
ssp585,2157,1805.07993,12.6642549,12.6599966,11.4668079
ssp585,2158,1814.35991,12.6658888,12.6854921,11.4978659
ssp585,2159,1823.53993,12.6712055,12.7104189,11.52835
ssp585,2160,1832.60992,12.6848938,12.7347485,11.5582357
ssp585,2161,1841.57991,12.7098489,12.7585211,11.5875653
ssp585,2162,1850.45992,12.7510479,12.7817813,11.6163794
ssp585,2163,1859.21992,12.8098215,12.8044444,11.6445893
ssp585,2164,1867.88992,12.8670199,12.8266105,11.6723001
ssp585,2165,1876.44993,12.8775702,12.8482261,11.6994555
ssp585,2166,1884.89993,12.9040086,12.8693005,11.7260641
ssp585,2167,1893.23994,12.8907608,12.8898405,11.7521344
ssp585,2168,1901.48994,12.8867346,12.9099103,11.7777365
ssp585,2169,1909.61992,12.8890408,12.9294356,11.8027844
ssp585,2170,1917.64991,12.8983202,12.9484801,11.8273483
ssp585,2171,1925.57993,12.9143241,12.9670514,11.8514347
ssp585,2172,1933.39993,12.9426738,12.9851291,11.8750209
ssp585,2173,1941.10994,12.9913847,13.0027166,11.8981141
ssp585,2174,1948.70993,13.0267025,13.0198221,11.9207215
ssp585,2175,1956.20993,13.0595013,13.0364857,11.9428801
ssp585,2176,1963.59994,13.0764149,13.0526845,11.9645666
ssp585,2177,1970.87993,13.0758946,13.0684203,11.9857881
ssp585,2178,1978.04994,13.0678788,13.0837027,12.0065515
ssp585,2179,1985.10995,13.0686475,13.098539,12.0268632
ssp585,2180,1992.06995,13.0675104,13.1129636,12.0467582
ssp585,2181,1998.92994,13.0721869,13.1269895,12.0662424
ssp585,2182,2005.66994,13.0775281,13.140548,12.0852652
ssp585,2183,2012.29994,13.087375,13.1536921,12.1038611
ssp585,2184,2018.82995,13.1038962,13.1664499,12.1220642
ssp585,2185,2025.24995,13.1303133,13.1787929,12.139852
ssp585,2186,2031.55994,13.1752486,13.1907355,12.1572301
ssp585,2187,2037.75996,13.1921328,13.2022794,12.1742046
ssp585,2188,2043.84995,13.2128507,13.2134282,12.1907805
ssp585,2189,2049.80994,13.2304469,13.2241359,12.2069097
ssp585,2190,2055.65993,13.218077,13.2344603,12.2226518
ssp585,2191,2061.41996,13.2082536,13.244466,12.2380653
ssp585,2192,2067.08997,13.2049811,13.2541463,12.2531547
ssp585,2193,2072.63997,13.2098597,13.2634381,12.2678445
ssp585,2194,2078.05992,13.2167994,13.2723113,12.2821137
ssp585,2195,2083.37996,13.2337544,13.28085,12.2960469
ssp585,2196,2088.58995,13.2716184,13.2890348,12.3096214
ssp585,2197,2093.67997,13.3105039,13.2968491,12.3228166
ssp585,2198,2098.66998,13.3356153,13.3043439,12.3356882
ssp585,2199,2103.54,13.3352301,13.3114705,12.3481892
ssp585,2200,2108.30996,13.32748,13.3182892,12.3603751
ssp585,2201,2112.95992,13.308451,13.3247128,12.3721988
ssp585,2202,2117.50993,13.3041859,13.3308334,12.3837152
ssp585,2203,2121.94993,13.3016266,13.3366219,12.3949028
ssp585,2204,2126.26996,13.2932546,13.342073,12.4057403
ssp585,2205,2130.48997,13.2933467,13.3472308,12.4162815
ssp585,2206,2134.58995,13.2921089,13.3520522,12.4264799
ssp585,2207,2138.59996,13.3027508,13.3566055,12.4364138
ssp585,2208,2142.47998,13.3252843,13.3608112,12.4459873
ssp585,2209,2146.25995,13.3495923,13.3647394,12.4552775
ssp585,2210,2149.92997,13.3685889,13.3683604,12.4642635
ssp585,2211,2153.47998,13.3720197,13.3716679,12.4729237
ssp585,2212,2156.91998,13.3730668,13.3746764,12.4812855
ssp585,2213,2160.23995,13.3602898,13.3773715,12.4893275
ssp585,2214,2163.45994,13.3541004,13.3798016,12.4971015
ssp585,2215,2166.57001,13.3332145,13.3819481,12.5045857
ssp585,2216,2169.57998,13.3219684,13.38383,12.5118063
ssp585,2217,2172.47994,13.3224246,13.3854331,12.5187419
ssp585,2218,2175.26996,13.3261187,13.3867572,12.5253952
ssp585,2219,2177.92997,13.3449485,13.3877558,12.5317206
ssp585,2220,2180.48999,13.3733116,13.3885102,12.5377921
ssp585,2221,2182.95001,13.3944794,13.389007,12.5436113
ssp585,2222,2185.28994,13.4246209,13.3892166,12.549133
ssp585,2223,2187.51998,13.4117118,13.3891542,12.5543832
ssp585,2224,2189.65002,13.3889923,13.3888504,12.559387
ssp585,2225,2191.66998,13.3691172,13.3882799,12.564122
ssp585,2226,2193.56997,13.3445989,13.3874229,12.5685673
ssp585,2227,2195.32996,13.3373747,13.3862373,12.5726778
ssp585,2228,2197.00997,13.326189,13.3848568,12.5765949
ssp585,2229,2198.58997,13.3350682,13.3832451,12.5802728
ssp585,2230,2200.07001,13.3583324,13.381399,12.5837134
ssp585,2231,2201.42995,13.3728873,13.3792715,12.5868707
ssp585,2232,2202.65997,13.3744468,13.3768359,12.5897236
ssp585,2233,2203.79,13.3813814,13.3741806,12.592342
ssp585,2234,2204.81,13.3665086,13.3712603,12.5947038
ssp585,2235,2205.73,13.3528014,13.3681129,12.5968329
ssp585,2236,2206.52999,13.3259129,13.3646928,12.598684
ssp585,2237,2207.22998,13.3129238,13.3610417,12.6003036
ssp585,2238,2207.81,13.3030258,13.3571198,12.6016466
ssp585,2239,2208.29,13.3002614,13.3529656,12.6027592
ssp585,2240,2208.65,13.3084696,13.3485411,12.603596
ssp585,2241,2208.90999,13.3345768,13.3438843,12.6042032
ssp585,2242,2209.06995,13.3571966,13.3389984,12.6045807
ssp585,2243,2209.10999,13.3556668,13.3338426,12.6046832
ssp585,2244,2209.02999,13.3465256,13.3284169,12.6045104
ssp585,2245,2208.84001,13.3203113,13.3227388,12.6040852
ssp585,2246,2208.56999,13.2933209,13.3168748,12.6034764
ssp585,2247,2208.19,13.2782496,13.3107653,12.6026149
ssp585,2248,2207.69,13.257644,13.3043776,12.6014774
ssp585,2249,2207.07001,13.2422548,13.2977113,12.6000635
ssp585,2250,2206.35002,13.228781,13.2908189,12.5984188
ssp585,2251,2205.52,13.2178422,13.2807335,12.5965191
ssp585,2252,2204.63997,13.2178369,13.270838,12.5945028
ssp585,2253,2203.75,13.2292068,13.2614896,12.5924612
ssp585,2254,2202.86003,13.2440483,13.2526607,12.5904175
ssp585,2255,2201.96999,13.2395336,13.244307,12.5883717
ssp585,2256,2201.1,13.2376437,13.2364337,12.5863703
ssp585,2257,2200.22001,13.2258368,13.228926,12.5843436
ssp585,2258,2199.33999,13.2031777,13.2217876,12.5823147
ssp585,2259,2198.44,13.185374,13.21493,12.5802375
ssp585,2260,2197.54,13.157615,13.2083805,12.5781582
ssp585,2261,2196.62999,13.141015,13.2020855,12.5760533
ssp585,2262,2195.73,13.1356887,13.1960655,12.5739695
ssp585,2263,2194.83002,13.1339976,13.1902747,12.5718839
ssp585,2264,2193.95003,13.1496535,13.184756,12.5698425
ssp585,2265,2193.06,13.1741219,13.1794026,12.5677757
ssp585,2266,2192.16003,13.1916003,13.1742046,12.5656837
ssp585,2267,2191.25002,13.2078628,13.1691584,12.5635661
ssp585,2268,2190.34001,13.1798916,13.164258,12.5614463
ssp585,2269,2189.43001,13.1573979,13.1595008,12.5593242
ssp585,2270,2188.52997,13.1290996,13.1548977,12.5572233
ssp585,2271,2187.62001,13.1103212,13.150393,12.5550971
ssp585,2272,2186.71999,13.0923436,13.1460187,12.5529921
ssp585,2273,2185.82001,13.0878874,13.1417467,12.550885
ssp585,2274,2184.90002,13.099899,13.1375233,12.5487286
ssp585,2275,2183.98999,13.1193261,13.1334072,12.5465935
ssp585,2276,2183.08999,13.1323922,13.1294043,12.54448
ssp585,2277,2182.19,13.1280585,13.1254693,12.5423643
ssp585,2278,2181.29,13.1205519,13.1216061,12.5402466
ssp585,2279,2180.39998,13.1039614,13.1178312,12.5381502
ssp585,2280,2179.49998,13.0772135,13.1140942,12.5360282
ssp585,2281,2178.6,13.0614976,13.1104169,12.5339042
ssp585,2282,2177.70001,13.0532304,13.1067858,12.5317779
ssp585,2283,2176.80003,13.0472882,13.103212,12.5296496
ssp585,2284,2175.91001,13.0552941,13.0996957,12.5275429
ssp585,2285,2175.01001,13.0801544,13.0962057,12.5254103
ssp585,2286,2174.12,13.1066329,13.0927858,12.5232994
ssp585,2287,2173.23,13.1131301,13.0893991,12.5211864
ssp585,2288,2172.33999,13.1088932,13.0860422,12.5190714
ssp585,2289,2171.46004,13.0717024,13.0827453,12.5169784
ssp585,2290,2170.57001,13.0605669,13.0794622,12.5148591
ssp585,2291,2169.67999,13.0391326,13.0761987,12.5127378
ssp585,2292,2168.79002,13.0205553,13.072969,12.5106147
ssp585,2293,2167.90999,13.0087659,13.0697908,12.5085132
ssp585,2294,2167.02999,13.012245,13.0666375,12.5064098
ssp585,2295,2166.13999,13.0352632,13.0634842,12.5042805
ssp585,2296,2165.27,13.0554786,13.060397,12.502197
ssp585,2297,2164.40002,13.0774473,13.0573325,12.5001117
ssp585,2298,2163.51996,13.0750288,13.0542661,12.4980002
ssp585,2299,2162.63007,13.0528722,13.0511924,12.4958628
ssp585,2300,2161.74003,13.0481317,13.0481317,12.493723
ssp585,2301,2160.87001,13.0451469,13.0451469,12.4916296
ssp585,2302,2159.99998,13.0421693,13.0421693,12.4895341
ssp585,2303,2159.14001,13.0392353,13.0392353,12.487461
ssp585,2304,2158.27,13.036296,13.036296,12.4853617
ssp585,2305,2157.39998,13.0333626,13.0333626,12.4832603
ssp585,2306,2156.53001,13.0304472,13.0304472,12.481157
ssp585,2307,2155.65997,13.027549,13.027549,12.4790517
ssp585,2308,2154.79,13.0246556,13.0246556,12.4769444
ssp585,2309,2153.92002,13.0217766,13.0217766,12.4748355
ssp585,2310,2153.06004,13.0189352,13.0189352,12.4727485
ssp585,2311,2152.22001,13.0161484,13.0161484,12.4707085
ssp585,2312,2151.36998,13.0133555,13.0133555,12.4686421
ssp585,2313,2150.52,13.010563,13.010563,12.4665741
ssp585,2314,2149.65999,13.0077612,13.0077612,12.4644796
ssp585,2315,2148.81,13.0049933,13.0049933,12.4624076
ssp585,2316,2147.95005,13.0022081,13.0022081,12.4603094
ssp585,2317,2147.09001,12.9994292,12.9994292,12.458209
ssp585,2318,2146.23997,12.9966885,12.9966885,12.4561314
ssp585,2319,2145.39001,12.993949,12.993949,12.4540519
ssp585,2320,2144.54002,12.9912227,12.9912227,12.4519705
ssp585,2321,2143.69999,12.9885189,12.9885189,12.4499117
ssp585,2322,2142.85997,12.9858302,12.9858302,12.447851
ssp585,2323,2142.02002,12.9831469,12.9831469,12.4457887
ssp585,2324,2141.17002,12.9804439,12.9804439,12.4436998
ssp585,2325,2140.30998,12.9777208,12.9777208,12.4415842
ssp585,2326,2139.46002,12.9750368,12.9750368,12.4394915
ssp585,2327,2138.61998,12.972374,12.972374,12.4374215
ssp585,2328,2137.79999,12.9697721,12.9697721,12.4353993
ssp585,2329,2136.96002,12.9671174,12.9671174,12.433326
ssp585,2330,2136.13999,12.9645257,12.9645257,12.4313
ssp585,2331,2135.32001,12.96193,12.96193,12.4292725
ssp585,2332,2134.47003,12.9592713,12.9592713,12.4271687
ssp585,2333,2133.62001,12.9566182,12.9566182,12.4250628
ssp585,2334,2132.80001,12.9540397,12.9540397,12.42303
ssp585,2335,2131.99001,12.9514916,12.9514916,12.4210202
ssp585,2336,2131.14001,12.9488472,12.9488472,12.418909
ssp585,2337,2130.29,12.9462153,12.9462153,12.4167956
ssp585,2338,2129.46995,12.943658,12.943658,12.4147556
ssp585,2339,2128.64998,12.9411133,12.9411133,12.4127137
ssp585,2340,2127.82998,12.9385857,12.9385857,12.4106701
ssp585,2341,2127,12.9360305,12.9360305,12.4085996
ssp585,2342,2126.18001,12.9335149,12.9335149,12.4065526
ssp585,2343,2125.38,12.9310535,12.9310535,12.4045537
ssp585,2344,2124.57001,12.9285765,12.9285765,12.4025281
ssp585,2345,2123.75004,12.9260765,12.9260765,12.4004759
ssp585,2346,2122.92,12.9235554,12.9235554,12.3983964
ssp585,2347,2122.10002,12.9210685,12.9210685,12.3963404
ssp585,2348,2121.28998,12.9186057,12.9186057,12.394308
ssp585,2349,2120.47996,12.9161565,12.9161565,12.3922735
ssp585,2350,2119.66996,12.9137063,12.9137063,12.3902376
ssp585,2351,2118.85997,12.9112598,12.9112598,12.3881998
ssp585,2352,2118.04999,12.9088122,12.9088122,12.3861606
ssp585,2353,2117.23999,12.906368,12.906368,12.3841195
ssp585,2354,2116.43001,12.9039347,12.9039347,12.3820765
ssp585,2355,2115.63,12.9015176,12.9015176,12.3800574
ssp585,2356,2114.82003,12.8990861,12.8990861,12.3780111
ssp585,2357,2114.02002,12.8966806,12.8966806,12.3759884
ssp585,2358,2113.21,12.8942507,12.8942507,12.3739387
ssp585,2359,2112.40999,12.8918542,12.8918542,12.3719127
ssp585,2360,2111.60002,12.8894256,12.8894256,12.3698598
ssp585,2361,2110.81006,12.8870505,12.8870505,12.3678559
ssp585,2362,2110.00997,12.8846579,12.8846579,12.3658246
ssp585,2363,2109.21997,12.8822914,12.8822914,12.3638173
ssp585,2364,2108.41998,12.8798925,12.8798925,12.3617831
ssp585,2365,2107.62001,12.8775038,12.8775038,12.359747
ssp585,2366,2106.83,12.8751384,12.8751384,12.3577349
ssp585,2367,2106.03001,12.8727501,12.8727501,12.3556955
ssp585,2368,2105.23997,12.8703875,12.8703875,12.3536799
ssp585,2369,2104.45001,12.8680253,12.8680253,12.3516629
ssp585,2370,2103.65999,12.8656654,12.8656654,12.349644
ssp585,2371,2102.88002,12.8633364,12.8633364,12.3476495
ssp585,2372,2102.08999,12.8609766,12.8609766,12.3456273
ssp585,2373,2101.30001,12.8586245,12.8586245,12.3436037
ssp585,2374,2100.52999,12.856316,12.856316,12.3416298
ssp585,2375,2099.73995,12.8539637,12.8539637,12.3396029
ssp585,2376,2098.94999,12.8516139,12.8516139,12.3375744
ssp585,2377,2098.17,12.8492872,12.8492872,12.3355702
ssp585,2378,2097.38999,12.8469625,12.8469625,12.3335641
ssp585,2379,2096.61003,12.8446379,12.8446379,12.3315566
ssp585,2380,2095.83002,12.8423129,12.8423129,12.3295474
ssp585,2381,2095.04,12.8399719,12.8399719,12.3275106
ssp585,2382,2094.25999,12.8376464,12.8376464,12.3254983
ssp585,2383,2093.49001,12.8353562,12.8353562,12.3235102
ssp585,2384,2092.73,12.8330915,12.8330915,12.3215464
ssp585,2385,2091.95001,12.8307675,12.8307675,12.3195293
ssp585,2386,2091.17,12.8284505,12.8284505,12.3175106
ssp585,2387,2090.38997,12.8261331,12.8261331,12.3154903
ssp585,2388,2089.62001,12.8238435,12.8238435,12.3134943
ssp585,2389,2088.87001,12.8216029,12.8216029,12.311549
ssp585,2390,2088.09001,12.8192865,12.8192865,12.3095239
ssp585,2391,2087.29999,12.8169437,12.8169437,12.3074712
ssp585,2392,2086.55003,12.8147042,12.8147042,12.3055212
ssp585,2393,2085.80001,12.812464,12.812464,12.3035697
ssp585,2394,2085.03001,12.8101813,12.8101813,12.3015644
ssp585,2395,2084.25,12.8078622,12.8078622,12.2995316
ssp585,2396,2083.48,12.8055709,12.8055709,12.2975232
ssp585,2397,2082.72998,12.8033384,12.8033384,12.2955655
ssp585,2398,2081.97001,12.8010794,12.8010794,12.2935803
ssp585,2399,2081.22998,12.7988642,12.7988642,12.2916459
ssp585,2400,2080.48002,12.7966325,12.7966325,12.2896839
ssp585,2401,2079.70001,12.7943194,12.7943194,12.2876417
ssp585,2402,2078.94999,12.7920787,12.7920787,12.2856765
ssp585,2403,2078.22001,12.7898949,12.7898949,12.2837628
ssp585,2404,2077.46,12.7876343,12.7876343,12.2817685
ssp585,2405,2076.68998,12.7853467,12.7853467,12.2797463
ssp585,2406,2075.93996,12.7831131,12.7831131,12.2777751
ssp585,2407,2075.19,12.7808766,12.7808766,12.2758028
ssp585,2408,2074.44002,12.7786393,12.7786393,12.2738291
ssp585,2409,2073.69002,12.7764111,12.7764111,12.2718535
ssp585,2410,2072.95003,12.7742009,12.7742009,12.269903
ssp585,2411,2072.19999,12.7719611,12.7719611,12.2679247
ssp585,2412,2071.44,12.7697042,12.7697042,12.2659185
ssp585,2413,2070.71002,12.7675204,12.7675204,12.2639899
ssp585,2414,2069.97001,12.7653146,12.7653146,12.2620337
ssp585,2415,2069.22001,12.763074,12.763074,12.2600495
ssp585,2416,2068.47998,12.7608688,12.7608688,12.2580901
ssp585,2417,2067.74001,12.7586531,12.7586531,12.2561297
ssp585,2418,2067,12.7564463,12.7564463,12.2541675
ssp585,2419,2066.26001,12.7542387,12.7542387,12.252204
ssp585,2420,2065.52999,12.7520566,12.7520566,12.2502656
ssp585,2421,2064.78998,12.7498473,12.7498473,12.2482992
ssp585,2422,2064.04999,12.7476394,12.7476394,12.2463312
ssp585,2423,2063.31999,12.7454548,12.7454548,12.2443887
ssp585,2424,2062.58999,12.7432694,12.7432694,12.2424448
ssp585,2425,2061.86001,12.7410855,12.7410855,12.2404993
ssp585,2426,2061.13002,12.7389007,12.7389007,12.2385525
ssp585,2427,2060.4,12.7367148,12.7367148,12.2366042
ssp585,2428,2059.65999,12.7345091,12.7345091,12.2346277
ssp585,2429,2058.92999,12.7323215,12.7323215,12.2326767
ssp585,2430,2058.20998,12.7301596,12.7301596,12.230751
ssp585,2431,2057.48997,12.7280043,12.7280043,12.228824
ssp585,2432,2056.77002,12.7258432,12.7258432,12.2268956
ssp585,2433,2056.04997,12.7236859,12.7236859,12.2249659
ssp585,2434,2055.31999,12.721496,12.721496,12.2230078
ssp585,2435,2054.6,12.7193396,12.7193396,12.2210753
ssp585,2436,2053.87004,12.7171554,12.7171554,12.2191145
ssp585,2437,2053.14001,12.7149702,12.7149702,12.2171522
ssp585,2438,2052.42,12.7128031,12.7128031,12.2152156
ssp585,2439,2051.70002,12.7106427,12.7106427,12.2132776
ssp585,2440,2050.98,12.7084837,12.7084837,12.211338
ssp585,2441,2050.26001,12.7063214,12.7063214,12.2093973
ssp585,2442,2049.54999,12.7041873,12.7041873,12.207482
ssp585,2443,2048.83,12.7020231,12.7020231,12.2055387
ssp585,2444,2048.12004,12.6998947,12.6998947,12.2036209
ssp585,2445,2047.41,12.6977577,12.6977577,12.2017017
ssp585,2446,2046.69999,12.6956198,12.6956198,12.1997812
ssp585,2447,2045.98001,12.693454,12.693454,12.1978323
ssp585,2448,2045.28,12.6913486,12.6913486,12.1959363
ssp585,2449,2044.58001,12.6892347,12.6892347,12.194039
ssp585,2450,2043.87999,12.6871297,12.6871297,12.1921402
ssp585,2451,2043.17,12.684987,12.684987,12.1902132
ssp585,2452,2042.46,12.6828531,12.6828531,12.1882847
ssp585,2453,2041.75,12.6807083,12.6807083,12.1863551
ssp585,2454,2041.05,12.6785994,12.6785994,12.1844511
ssp585,2455,2040.35999,12.6765167,12.6765167,12.1825732
ssp585,2456,2039.65,12.6743713,12.6743713,12.1806395
ssp585,2457,2038.94,12.6722323,12.6722323,12.1787044
ssp585,2458,2038.24,12.6701196,12.6701196,12.1767954
ssp585,2459,2037.54999,12.6680329,12.6680329,12.1749124
ssp585,2460,2036.86002,12.6659478,12.6659478,12.173028
ssp585,2461,2036.14999,12.6638047,12.6638047,12.1710878
ssp585,2462,2035.45,12.6616902,12.6616902,12.1691734
ssp585,2463,2034.74999,12.6595723,12.6595723,12.167258
ssp585,2464,2034.06001,12.6574832,12.6574832,12.1653686
ssp585,2465,2033.36999,12.6554005,12.6554005,12.1634778
ssp585,2466,2032.69001,12.6533342,12.6533342,12.1616136
ssp585,2467,2031.99999,12.651242,12.651242,12.1597203
ssp585,2468,2031.29999,12.649129,12.649129,12.1577984
ssp585,2469,2030.6,12.6470074,12.6470074,12.1558752
ssp585,2470,2029.91999,12.6449495,12.6449495,12.1540055
ssp585,2471,2029.24,12.6428807,12.6428807,12.1521349
ssp585,2472,2028.55,12.6407909,12.6407909,12.1502355
ssp585,2473,2027.85001,12.6386676,12.6386676,12.1483071
ssp585,2474,2027.16,12.6365758,12.6365758,12.1464052
ssp585,2475,2026.46999,12.6344854,12.6344854,12.1445018
ssp585,2476,2025.78999,12.6324214,12.6324214,12.1426248
ssp585,2477,2025.11,12.6303466,12.6303466,12.1407468
ssp585,2478,2024.43,12.6282806,12.6282806,12.1388674
ssp585,2479,2023.74,12.6261861,12.6261861,12.1369591
ssp585,2480,2023.06999,12.6241456,12.6241456,12.135105
ssp585,2481,2022.41998,12.6221594,12.6221594,12.1333051
ssp585,2482,2021.72001,12.6200343,12.6200343,12.1313655
ssp585,2483,2021.04001,12.6179655,12.6179655,12.1294798
ssp585,2484,2020.4,12.6160117,12.6160117,12.1277043
ssp585,2485,2019.7,12.6138833,12.6138833,12.1257609
ssp585,2486,2019.02,12.6118117,12.6118117,12.1238717
ssp585,2487,2018.37,12.6098197,12.6098197,12.122065
ssp585,2488,2017.67,12.6076981,12.6076981,12.1201176
ssp585,2489,2016.98999,12.6056233,12.6056233,12.1182247
ssp585,2490,2016.35,12.6036561,12.6036561,12.1164424
ssp585,2491,2015.67999,12.6016146,12.6016146,12.1145751
ssp585,2492,2015.00002,12.5995369,12.5995369,12.1126788
ssp585,2493,2014.33001,12.5974934,12.5974934,12.110809
ssp585,2494,2013.67,12.5954767,12.5954767,12.1089661
ssp585,2495,2013.01,12.5934514,12.5934514,12.107122
ssp585,2496,2012.34,12.5914048,12.5914048,12.1052489
ssp585,2497,2011.66999,12.5893597,12.5893597,12.1033743
ssp585,2498,2011.01,12.5873391,12.5873391,12.1015267
ssp585,2499,2010.36,12.5853454,12.5853454,12.0997061
ssp585,2500,2010.01999,12.5843024,12.5843024,12.0987533
