growth_rate_percent_per_year,year,elapsed_years,co2_ppm,global_surface_warming_c,amoc_sv,phase
0.5,1850.0,0.0,278.3,0.0,17.0,ramp
0.5,1851.0,1.0,279.69149999999996,0.0024421360299416344,16.999869341617853,ramp
0.5,1852.0,2.0,281.0899574999999,0.008223781937232041,16.999185501561104,ramp
0.5,1853.0,2.9999999999999964,282.4954072874999,0.016162415602388038,16.99775667094867,ramp
0.5,1854.0,3.999999999999993,283.90788432393737,0.02575591045012649,16.995570462039883,ramp
0.5,1855.0,4.999999999999989,285.32742374555704,0.03667902484159977,16.992711183232394,ramp
0.5,1856.0,5.999999999999986,286.7540608642848,0.048685097025159774,16.989309569017088,ramp
0.5,1857.0,6.999999999999982,288.1878311686062,0.06157824966049156,16.985511714946576,ramp
0.5,1858.0,7.999999999999979,289.62877032444914,0.07520067725967912,16.981460763974944,ramp
0.5,1859.0,8.999999999999993,291.0769141760714,0.08942451218885777,16.977286638371364,ramp
0.5,1860.0,10.0,292.53229874695177,0.10414582708038064,16.973100850549077,ramp
0.5,1861.0,11.0,293.9949602406865,0.1192799814677907,16.96899454858323,ramp
0.5,1862.0,12.0,295.4649350418899,0.13475793781476314,16.965038605620794,ramp
0.5,1863.0,13.0,296.9422597170993,0.15052331615874784,16.961284954366565,ramp
0.5,1864.0,14.0,298.4269710156847,0.166530025453605,16.95776862002259,ramp
0.5,1865.0,15.0,299.9191058707632,0.18274035108877132,16.954510077685164,ramp
0.5,1866.0,16.0,301.41870140011696,0.1991234062090488,16.951517682908626,ramp
0.5,1867.0,17.0,302.92579490711745,0.2156538748276425,16.9487900127113,ramp
0.5,1868.0,18.0,304.44042388165303,0.23231098997450914,16.946318018179067,ramp
0.5,1869.0,19.0,305.96262600106127,0.24907770178180588,16.94408693534999,ramp
0.5,1870.0,20.0,307.49243913106653,0.2659399994541099,16.94207793281772,ramp
0.5,1871.0,21.0,309.0299013267218,0.2828863581655901,16.940269495935567,ramp
0.5,1872.0,22.0,310.57505083335536,0.29990728753761364,16.93863856130061,ramp
0.5,1873.0,23.0,312.12792608752216,0.3169949628182296,16.93716142340851,ramp
0.5,1874.0,24.0,313.68856571795976,0.33414292346185115,16.935814439581595,ramp
0.5,1875.0,25.0,315.25700854654946,0.3513458266833344,16.934574560697218,ramp
0.5,1876.0,26.0,316.8332935892822,0.3685992458810238,16.933419714794795,ramp
0.5,1877.0,27.0,318.4174600572286,0.3858995057007242,16.932329069001117,ramp
0.5,1878.0,28.0,320.0095473575147,0.4032435470349064,16.931283192879132,ramp
0.5,1879.0,29.0,321.6095950943023,0.4206288164881264,16.93026414363295,ramp
0.5,1880.0,30.0,323.2176430697737,0.43805317584558756,16.929255490838006,ramp
0.5,1881.0,31.0,324.83373128512255,0.4555148279009934,16.928242295675066,ramp
0.5,1882.0,32.0,326.45789994154813,0.4730122556675179,16.9272110571329,ramp
0.5,1883.0,32.99999999999994,328.09018944125575,0.49054417254029253,16.92614963536867,ramp
0.5,1884.0,33.999999999999886,329.7306403884619,0.5081094814231452,16.925047160401576,ramp
0.5,1884.9999999999998,34.99999999999983,331.379293590404,0.5257072411950895,16.923893932574703,ramp
0.5,1885.9999999999998,35.99999999999977,333.03619005835594,0.5433366391882766,16.922681319736494,ramp
0.5,1886.9999999999998,36.999999999999716,334.7013710086476,0.5609969685910496,16.92140165485722,ramp
0.5,1887.9999999999995,37.99999999999966,336.3748778636907,0.5786876098874312,16.920048136775005,ramp
0.5,1888.9999999999995,38.9999999999996,338.05675225300905,0.5964080156058765,16.91861473594344,ramp
0.5,1889.9999999999995,39.999999999999545,339.74703601427393,0.61415769778213,16.917096106394425,ramp
0.5,1890.9999999999995,40.99999999999949,341.4457711943452,0.631936217648934,16.91548750461926,ramp
0.5,1891.9999999999995,41.99999999999943,343.1530000503168,0.64974317715354,16.913784715677515,ramp
0.5,1892.9999999999993,42.999999999999375,344.86876505056824,0.6675782119761263,16.91198398655017,ramp
0.5,1893.9999999999993,43.99999999999932,346.5931088758209,0.6854409857812145,16.910081966542958,ramp
0.5,1894.9999999999993,44.99999999999926,348.3260744201999,0.703331185482455,16.908075654397347,ramp
0.5,1895.999999999999,45.999999999999204,350.0677047923008,0.7212485173406427,16.905962351673047,ramp
0.5,1896.999999999999,46.99999999999915,351.81804331626216,0.7391927037471537,16.90373962190899,ramp
0.5,1897.999999999999,47.99999999999909,353.57713353284333,0.7571634805714934,16.901405255044626,ramp
0.5,1898.999999999999,48.999999999999034,355.3450192005074,0.7751605949732874,16.89895723658143,ramp
0.5,1899.999999999999,49.99999999999898,357.1217442965098,0.7931838035968667,16.896393720976683,ramp
0.5,1900.9999999999989,50.99999999999892,358.9073530179922,0.8112328710811252,16.893713008787188,ramp
0.5,1901.9999999999989,51.99999999999886,360.70188978308204,0.8293075688293049,16.89091352711124,ramp
0.5,1902.9999999999989,52.999999999998806,362.50539923199733,0.8474076739931466,16.887993812913795,ramp
0.5,1903.9999999999986,53.99999999999875,364.31792622815715,0.8655329686339082,16.88495249885689,ramp
0.5,1904.9999999999986,54.99999999999869,366.1395158592978,0.8836832390293539,16.881788301295504,ramp
0.5,1905.9999999999986,55.999999999998636,367.9702134385941,0.9018582751012599,16.878500010136232,ramp
0.5,1906.9999999999986,56.99999999999858,369.81006450578695,0.9200578699424278,16.875086480290292,ramp
0.5,1907.9999999999986,57.99999999999852,371.6591148283157,0.9382818194259075,16.87154662448634,ramp
0.5,1908.9999999999984,58.999999999998465,373.5174104024572,0.9565299218821178,16.867879407236877,ramp
0.5,1909.9999999999984,59.99999999999841,375.3849974544693,0.9748019778320761,16.864083839781134,ramp
0.5,1910.9999999999984,60.99999999999835,377.26192244174155,0.9930977897669856,16.86015897585038,ramp
0.5,1911.9999999999982,61.999999999998295,379.14823205395004,1.011417161966118,16.856103908123405,ramp
0.5,1912.9999999999982,62.99999999999824,381.0439732142197,1.0297599003463482,16.85191776526029,ramp
0.5,1913.9999999999982,63.99999999999818,382.9491930802906,1.0481258123378172,16.847599709417572,ramp
0.5,1914.9999999999982,64.99999999999812,384.86393904569195,1.066514706781186,16.84314893416426,ramp
0.5,1915.9999999999982,65.99999999999807,386.7882587409202,1.0849263938427014,16.838564662729464,ramp
0.5,1916.999999999998,66.99999999999801,388.7222000346247,1.1033606849439663,16.83384614652398,ramp
0.5,1917.999999999998,67.99999999999795,390.6658110347977,1.1218173927038253,16.828992663887284,ramp
0.5,1918.999999999998,68.9999999999979,392.6191400899715,1.140296330890236,16.824003519018987,ramp
0.5,1919.9999999999977,69.99999999999784,394.5822357904212,1.1587973143803598,16.81887804106178,ramp
0.5,1920.9999999999977,70.99999999999778,396.55514696937314,1.1773201591274058,16.813615583306515,ramp
0.5,1921.9999999999977,71.99999999999773,398.53792270421985,1.1958646821330192,16.808215522496816,ramp
0.5,1922.9999999999977,72.99999999999767,400.5306123177408,1.2144307014242108,16.802677258213482,ramp
0.5,1923.9999999999977,73.99999999999761,402.53326537932935,1.233018036034,16.797000212322633,ramp
0.5,1924.9999999999975,74.99999999999756,404.5459317062259,1.2516265059850862,16.791183828474832,ramp
0.5,1925.9999999999975,75.9999999999975,406.5686613647568,1.2702559322759828,16.78522757164385,ramp
0.5,1926.9999999999975,76.99999999999744,408.6015046715804,1.288906136869134,16.779130927696237,ramp
0.5,1927.9999999999973,77.99999999999739,410.64451219493816,1.307576942680647,16.77289340298451,ramp
0.5,1928.9999999999973,78.99999999999733,412.69773475591273,1.3262681735713042,16.766514523957813,ramp
0.5,1929.9999999999973,79.99999999999727,414.7612234296921,1.3449796543385963,16.759993836785227,ramp
0.5,1930.9999999999973,80.99999999999721,416.8350295468404,1.3637112107095648,16.753330906987696,ramp
0.5,1931.9999999999973,81.99999999999716,418.91920469457443,1.3824626693342625,16.74652531907537,ramp
0.5,1932.999999999997,82.9999999999971,421.01380071804715,1.401233857779704,16.739576676187625,ramp
0.5,1933.999999999997,83.99999999999704,423.11886972163717,1.4200246045241673,16.732484599733684,ramp
0.5,1934.999999999997,84.99999999999699,425.2344640702453,1.4388347389517597,16.725248729032042,ramp
0.5,1935.9999999999968,85.99999999999693,427.3606363905963,1.4576640913471661,16.717868720947234,ramp
0.5,1936.9999999999968,86.99999999999687,429.4974395725491,1.4765124928905156,16.710344249522887,ramp
0.5,1937.9999999999968,87.99999999999682,431.6449267704117,1.4953797756523046,16.702675005610512,ramp
0.5,1938.9999999999968,88.99999999999676,433.8031514042636,1.5142657725883488,16.694860696492775,ramp
0.5,1939.9999999999968,89.9999999999967,435.9721671612847,1.5331703175347253,16.686901045500996,ramp
0.5,1940.9999999999966,90.99999999999665,438.152027997091,1.5520932452026692,16.678795791626268,ramp
0.5,1941.9999999999966,91.99999999999659,440.3427881370763,1.5710343911734235,16.67054468912436,ramp
0.5,1942.9999999999966,92.99999999999653,442.5445020777615,1.5899935918930044,16.662147507113765,ramp
0.5,1943.9999999999964,93.99999999999648,444.7572245881501,1.608970684666895,16.653604029166758,ramp
0.5,1944.9999999999964,94.99999999999642,446.9810107110907,1.6279655076546329,16.644914052893657,ramp
0.5,1945.9999999999964,95.99999999999636,449.21591576464596,1.6469778998643143,16.636077389520167,ramp
0.5,1946.9999999999964,96.9999999999963,451.461995343469,1.6660077011469903,16.627093863457787,ramp
0.5,1947.9999999999964,97.99999999999625,453.71930532018615,1.685054752190961,16.6179633118674,ramp
0.5,1948.9999999999961,98.99999999999619,455.98790184678694,1.7041188945159766,16.608685584216172,ramp
0.5,1949.9999999999961,99.99999999999613,458.26784135602065,1.7231999704673369,16.599260541827967,ramp
0.5,1950.9999999999961,100.99999999999608,460.5591805628006,1.7422978232098951,16.589688057427356,ramp
0.5,1951.999999999996,101.99999999999602,462.8619764656145,1.7614122967219743,16.579968014677235,ramp
0.5,1952.999999999996,102.99999999999596,465.1762863479424,1.7805432357891953,16.57010030771077,ramp
0.5,1953.999999999996,103.99999999999591,467.5021677796819,1.7996904859982283,16.560084840657325,ramp
0.5,1954.999999999996,104.99999999999585,469.8396786185801,1.818853893730464,16.549921527163207,ramp
0.5,1955.999999999996,105.9999999999958,472.18887701167284,1.838033306155624,16.539610289906793,ramp
0.5,1956.9999999999957,106.99999999999574,474.549821396731,1.8572285712253078,16.529151060108934,ramp
0.5,1957.9999999999957,107.99999999999568,476.92257050371444,1.8764395376664778,16.51854377703865,ramp
0.5,1958.9999999999957,108.99999999999562,479.3071833562328,1.8956660549749114,16.507788387514257,ramp
0.5,1959.9999999999955,109.99999999999557,481.70371927301386,1.9149079734085979,16.496884845400565,ramp
0.5,1960.9999999999955,110.99999999999551,484.1122378693787,1.934165143981109,16.485833111102195,ramp
0.5,1961.9999999999955,111.99999999999545,486.5327990587254,1.9534374184549466,16.474633151053062,ramp
0.5,1962.9999999999955,112.9999999999954,488.9654630540188,1.9727246493348627,16.46328493720307,ramp
0.5,1963.9999999999955,113.99999999999534,491.41029036928876,1.9920266898611747,16.451788446501695,ramp
0.5,1964.9999999999952,114.99999999999528,493.86734182113497,2.0113433940030734,16.440143660378702,ramp
0.5,1965.9999999999952,115.99999999999523,496.3366785302405,2.0306746164519294,16.428350564222814,ramp
0.5,1966.9999999999952,116.99999999999517,498.8183619228915,2.0500202126146196,16.416409146858122,ramp
0.5,1967.999999999995,117.99999999999511,501.31245373250573,2.0693800386068557,16.40431940001875,ramp
0.5,1968.999999999995,118.99999999999505,503.81901600116805,2.088753951246542,16.392081317821972,ramp
0.5,1969.999999999995,119.999999999995,506.33811108117374,2.1081418080471646,16.37969489624026,ramp
0.5,1970.999999999995,120.99999999999494,508.8698016365794,2.1275434672112064,16.3671601325721,ramp
0.5,1971.999999999995,121.99999999999488,511.41415064476206,2.1469587876236185,16.354477024912285,ramp
0.5,1972.9999999999948,122.99999999999483,513.9712213979857,2.166387628845318,16.34164557162181,ramp
0.5,1973.9999999999948,123.99999999999477,516.5410775049754,2.185829851106756,16.328665770797112,ramp
0.5,1974.9999999999948,124.99999999999471,519.1237828925001,2.2052853153015373,16.315537619739672,ramp
0.5,1975.9999999999945,125.99999999999466,521.7194018069624,2.2247538829800995,16.30226111442579,ramp
0.5,1976.9999999999945,126.9999999999946,524.327998815997,2.244235416343468,16.28883624897662,ramp
0.5,1977.9999999999945,127.99999999999454,526.9496388100769,2.2637297782370758,16.2752630151289,ramp
0.5,1978.9999999999948,128.99999999999477,529.5843870041277,2.283236832144673,16.26154140170622,ramp
0.5,1979.999999999995,129.999999999995,532.2323089391489,2.3027564421822992,16.24767139409156,ramp
0.5,1980.9999999999952,130.99999999999523,534.8934704838452,2.3222884730923643,16.23365297370058,ramp
0.5,1981.9999999999955,131.99999999999545,537.567937836265,2.3418327902377984,16.219486117456274,ramp
0.5,1982.9999999999957,132.99999999999568,540.2557775254469,2.361389259596313,16.20517079726483,ramp
0.5,1983.999999999996,133.9999999999959,542.9570564130747,2.3809577477547466,16.190706979493015,ramp
0.5,1984.9999999999961,134.99999999999613,545.6718416951406,2.400538121903514,16.17609462444699,ramp
0.5,1985.9999999999964,135.99999999999636,548.4002009036168,2.4201302498311614,16.16133368585243,ramp
0.5,1986.9999999999966,136.9999999999966,551.1422019081355,2.439733999919017,16.14642411033657,ramp
0.5,1987.9999999999968,137.99999999999682,553.8979129176768,2.459349241135962,16.13136583691178,ramp
0.5,1988.999999999997,138.99999999999704,556.6674024822656,2.478975843033304,16.11615879646078,ramp
0.5,1989.9999999999973,139.99999999999727,559.4507394946776,2.4986136757397603,16.1008029112234,ramp
0.5,1990.9999999999975,140.9999999999975,562.2479931921515,2.5182626099565564,16.08529809428494,ramp
0.5,1991.9999999999977,141.99999999999773,565.0592331581129,2.537922516952641,16.069644249066364,ramp
0.5,1992.999999999998,142.99999999999795,567.8845293239041,2.557593268560013,16.05384126881538,ramp
0.5,1993.9999999999982,143.99999999999818,570.7239519705242,2.5772747371691667,16.037889036099667,ramp
0.5,1994.9999999999984,144.9999999999984,573.5775717303774,2.596966795724653,16.02178742230103,ramp
0.5,1995.9999999999986,145.99999999999864,576.4454595890298,2.6166693177207585,16.005536287110715,ramp
0.5,1996.9999999999989,146.99999999999886,579.3276868869756,2.6363821771972997,15.98913547802599,ramp
0.5,1997.999999999999,147.9999999999991,582.2243253214111,2.6561052487355417,15.972584829847595,ramp
0.5,1998.9999999999993,148.99999999999932,585.1354469480186,2.67583840745423,15.95588416417776,ramp
0.5,1999.9999999999995,149.99999999999955,588.0611241827594,2.6955815290057266,15.939033288918916,ramp
0.5,2000.9999999999998,150.99999999999977,591.0014298036739,2.7153344895722924,15.922031997772791,ramp
0.5,2002.0,152.0,593.9564369526929,2.735097165862456,15.904880069739592,ramp
0.5,2003.0,153.0,596.9262191374562,2.754869435107494,15.88757726861692,ramp
0.5,2004.0,154.0,599.9108502331435,2.774651175058087,15.870123342498356,ramp
0.5,2005.0,155.0,602.9104044843091,2.7944422639809834,15.852518023271317,ramp
0.5,2006.0,156.0,605.9249565067306,2.814242580655854,15.834761026114037,ramp
0.5,2007.0,157.0,608.9545812892642,2.834052004372229,15.81685204899094,ramp
0.5,2008.0,158.0,611.9993541957105,2.853870414926536,15.798790772146884,ramp
0.5,2009.0,159.0,615.0593509666888,2.8736976926192552,15.780576857598845,ramp
0.5,2010.0,160.0,618.1346477215222,2.8935337182521645,15.762209948625255,ramp
0.5,2011.0,161.0,621.2253209601298,2.913378373125695,15.743689669252802,ramp
0.5,2012.0,162.0,624.3314475649304,2.933231539036375,15.725015623739855,ramp
0.5,2013.0,163.0,627.453104802755,2.953093098274376,15.706187396056368,ramp
0.5,2014.0,164.0,630.5903703267687,2.972962933621148,15.687204549359402,ramp
0.5,2015.0,165.0,633.7433221784024,2.9928409283471424,15.668066625464343,ramp
0.5,2016.0,166.0,636.9120387892943,3.0127269662096237,15.648773144311056,ramp
0.5,2017.0,167.0,640.0965989832408,3.032620931450566,15.629323603424316,ramp
0.5,2018.0,168.0,643.2970819781569,3.052522708794627,15.609717477368275,ramp
0.5,2019.0,169.0,646.5135673880477,3.0724321834471975,15.589954217194261,ramp
0.5,2020.0,170.0,649.7461352249878,3.092349241092528,15.570033249881487,ramp
0.5,2021.0,171.0,652.9948659011127,3.1122737678919283,15.5499539777699,ramp
0.5,2022.0,172.0,656.2598402306182,3.132205650482026,15.52971577798481,ramp
0.5,2023.0,173.0,659.5411394317713,3.152144775973096,15.509318001852472,ramp
0.5,2024.0,174.0,662.83884512893,3.172091031947446,15.488759974306017,ramp
0.5,2025.0,175.0,666.1530393545746,3.1920443064578623,15.468040993281527,ramp
0.5,2026.0,176.0,669.4838045513474,3.212004488026098,15.44716032910284,ramp
0.5,2027.0,177.0,672.831223574104,3.231971465641429,15.42611722385485,ramp
0.5,2028.0,178.0,676.1953796919745,3.2519451287592345,15.404910890744718,ramp
0.5,2029.0,179.0,679.5763565904343,3.2719253672996365,15.383540513449974,ramp
0.5,2030.0,180.0,682.9742383733865,3.2919120716461676,15.362005245453132,ramp
0.5,2031.0,181.0,686.3891095652533,3.311905132644473,15.340304209361522,ramp
0.5,2032.0,182.0,689.8210551130795,3.331904441601048,15.318436496212236,ramp
0.5,2033.0,183.0,693.2701603886449,3.351909890282003,15.296401164760878,ramp
0.5,2034.0,184.0,696.736511190588,3.3719213709118416,15.274197240753562,ramp
0.5,2035.0,185.0,700.2201937465409,3.391938776172271,15.251823716181235,ramp
0.5,2036.0,186.0,703.7212947152734,3.41196199920102,15.229279548515606,ramp
0.5,2037.0,187.0,707.2399011888497,3.4319909335906686,15.20656365992573,ramp
0.5,2038.0,188.0,710.7761006947939,3.452025473387491,15.183674936474404,ramp
0.5,2039.0,189.0,714.3299811982678,3.472065513090299,15.160612227293404,ramp
0.5,2040.0,190.0,717.9016311042591,3.4921109476492886,15.137374343736647,ramp
0.5,2041.0,191.0,721.4911392597802,3.5121616724648774,15.113960058510639,ramp
0.5,2042.0,192.0,725.0985949560792,3.5322175833865495,15.090368104780753,ramp
0.5,2043.0,193.0,728.7240879308594,3.5522785767116747,15.066597175252785,ramp
0.5,2044.0,194.0,732.3677083705136,3.572344549184325,15.042645921228491,ramp
0.5,2045.0,195.0,736.0295469123662,3.5924153979940674,15.018512951634234,ramp
0.5,2046.0,196.0,739.7096946469279,3.6124910207747463,14.994196832021796,ramp
0.5,2047.0,197.0,743.4082431201624,3.6325713156032253,14.969696083540223,ramp
0.5,2048.0,198.0,747.1252843357632,3.65265618099812,14.945009181877317,ramp
0.5,2049.0,199.0,750.860910757442,3.672745515918491,14.920134556170025,ramp
0.5,2050.0,200.0,754.615215311229,3.6928392197625026,14.895070587882595,ramp
0.5,2051.0,201.0,758.3882913877851,3.7129371923660455,14.869815609651234,ramp
0.5,2052.0,202.0,762.1802328447238,3.7330393340013233,14.84436790409398,ramp
0.5,2053.0,203.0,765.9911340089475,3.753145545375391,14.818725702585004,ramp
0.5,2054.0,204.0,769.821089678992,3.773255727628648,14.79288718399137,ramp
0.5,2055.0,205.0,773.6701951273869,3.793369782333284,14.766850473371909,ramp
0.5,2056.0,206.0,777.5385461030238,3.8134876114916696,14.740613640636264,ramp
0.5,2057.0,207.0,781.426238833539,3.8336091175346945,14.714174699163141,ramp
0.5,2058.0,208.0,785.3333700277066,3.8537342033200424,14.687531604376337,ramp
0.5,2059.0,209.0,789.260036877845,3.873862772130409,14.660682252277148,ramp
0.5,2060.0,210.0,793.2063370622341,3.8939947276716533,14.633624477931923,ramp
0.5,2061.0,211.0,797.1723687475452,3.9141299740708906,14.606356053913407,ramp
0.5,2062.0,212.0,801.1582305912827,3.934268415874496,14.578874688694244,ramp
0.5,2063.0,213.0,805.1640217442392,3.9544099580460528,14.551178024991245,ramp
0.5,2064.0,214.0,809.1898418529603,3.974554505964225,14.52326363805928,ramp
0.5,2065.0,215.0,813.235791062225,3.9947019654205422,14.495129033932866,ramp
0.5,2066.0,216.0,817.3019700175361,4.014852242617108,14.46677164761431,ramp
0.5,2067.0,217.0,821.3884798676236,4.035005244164229,14.4381888412067,ramp
0.5,2068.0,218.0,825.4954222669617,4.055160877077957,14.409377901990155,ramp
0.5,2069.0,219.0,829.6228993782963,4.075319048777532,14.380336040439984,ramp
0.5,2070.0,220.0,833.7710138751878,4.095479667082751,14.351060388185017,ramp
0.5,2071.0,221.0,837.9398689445636,4.115642640211233,14.321547995904604,ramp
0.5,2072.0,222.0,842.1295682892863,4.13580787677559,14.291795831162615,ramp
0.5,2073.0,223.0,846.3402161307326,4.155975285780492,14.261800776176912,ramp
0.5,2074.0,224.0,850.5719172113862,4.176144776619652,14.231559625522825,ramp
0.5,2075.0,225.0,854.8247767974431,4.196316259072676,14.201069083768617,ramp
0.5,2076.0,226.0,859.0989006814302,4.216489643301838,14.170325763041658,ramp
0.5,2077.0,227.0,863.3943951848373,4.236664839848724,14.139326180523776,ramp
0.5,2078.0,228.0,867.7113671607614,4.256841759630777,14.10806675587396,ramp
0.5,2079.0,229.0,872.0499239965651,4.277020313937718,14.076543808577107,ramp
0.5,2080.0,230.0,876.4101736165478,4.297200414427864,14.04475355521717,ramp
0.5,2081.0,231.0,880.7922244846304,4.317381973124316,14.01269210667302,ramp
0.5,2082.0,232.0,885.1961856070536,4.337564902411034,13.980355465236002,ramp
0.5,2083.0,233.0,889.6221665350888,4.357749115028776,13.94773952164734,ramp
0.5,2084.0,234.0,894.070277367764,4.377934524070932,13.914840052054576,ramp
0.5,2085.0,235.0,898.5406287546027,4.3981210429792155,13.881652714885217,ramp
0.5,2086.0,236.0,903.0333318983756,4.418308585539213,13.848173047636983,ramp
0.5,2087.0,237.0,907.5484985578674,4.438497065875839,13.81439646358312,ramp
0.5,2088.0,238.0,912.0862410506567,4.458686398448606,13.780318248392073,ramp
0.5,2089.0,239.0,916.6466722559098,4.478876498046803,13.745933556660875,ramp
0.5,2090.0,240.0,921.2299056171894,4.499067279784511,13.711237408361256,ramp
0.5,2091.0,241.0,925.8360551452752,4.519258659095471,13.676224685198468,ramp
0.5,2092.0,242.0,930.4652354210015,4.539450551727831,13.64089012688201,ramp
0.5,2093.0,243.0,935.1175615981065,4.559642873738731,13.605228327308788,ramp
0.5,2094.0,244.0,939.7931494060967,4.579835541488744,13.569233730658592,ramp
0.5,2095.0,245.0,944.4921151531272,4.600028471636177,13.53290062740252,ramp
0.5,2096.0,246.0,949.2145757288927,4.620221581131212,13.496223150225529,ramp
0.5,2097.0,247.0,953.9606486075371,4.640414787209905,13.459195269863699,ramp
0.5,2098.0,248.0,958.7304518505747,4.660608007388025,13.421810790858428,ramp
0.5,2099.0,249.0,963.5241041098275,4.680801159454748,13.384063347229374,ramp
0.5,2100.0,250.0,968.3417246303765,4.700994161466194,13.345946398068781,ramp
0.5,2101.0,251.0,973.1834332535282,4.72118693173881,13.307453223060566,ramp
0.5,2102.0,252.0,978.0493504197957,4.741379388842606,13.268576917927495,ramp
0.5,2103.0,253.0,982.9395971718947,4.761571451594238,13.229310389811353,ramp
0.5,2104.0,254.0,987.8542951577541,4.7817630390499355,13.189646352591064,ramp
0.5,2105.0,255.0,992.7935666335427,4.801954070498282,13.149577322145026,ramp
0.5,2106.0,256.0,997.7575344667102,4.822144465452853,13.109095611564275,ramp
0.5,2107.0,257.0,1002.7463221390437,4.842334143644703,13.068193326324902,ramp
0.5,2108.0,258.0,1007.7600537497389,4.862523025014728,13.02686235942844,ramp
0.5,2109.0,259.0,1012.7988540184875,4.882711029705874,12.985094386520684,ramp
0.5,2110.0,260.0,1017.8628482885798,4.9028980780552205,12.942880861000473,ramp
0.5,2111.0,261.0,1022.9521625300226,4.923084090585952,12.900213009131395,ramp
0.5,2112.0,262.0,1028.0669233426725,4.943268987999208,12.857081825171228,ramp
0.5,2113.0,263.0,1033.2072579593857,4.963452691165817,12.813478066535259,ramp
0.5,2114.0,264.0,1038.3732942491827,4.983635121117937,12.769392249011906,ramp
0.5,2115.0,265.0,1043.5651607204284,5.003816199040628,12.724814642050722,ramp
0.5,2116.0,266.0,1048.7829865240305,5.023995846263325,12.679735264145188,ramp
0.5,2117.0,267.0,1054.0269014566504,5.044173984251278,12.63414387833513,ramp
0.5,2118.0,268.0,1059.2970359639337,5.064350534596932,12.588029987856443,ramp
0.5,2119.0,269.0,1064.5935211437534,5.084525419011305,12.541382831967947,ramp
0.5,2120.0,270.0,1069.916488749472,5.10469855931535,12.494191381988863,ramp
0.5,2121.0,271.0,1075.2660711932192,5.124869877431347,12.446444337583317,ramp
0.5,2122.0,272.0,1080.642401549185,5.145039295374347,12.398130123332008,ramp
0.5,2123.0,273.0,1086.045613556931,5.165206735243709,12.349236885634312,ramp
0.5,2124.0,274.0,1091.4758416247155,5.185372119214725,12.299752489989025,ramp
0.5,2125.0,275.0,1096.933220832839,5.205535369530404,12.24966451870548,ramp
0.5,2126.0,276.0,1102.417886937003,5.225696408493471,12.198960269102027,ramp
0.5,2127.0,277.0,1107.9299763716879,5.24585515845856,12.14762675225282,ramp
0.5,2128.0,278.0,1113.4696262535463,5.266011541824721,12.095650692349937,ramp
0.5,2129.0,279.0,1119.036974384814,5.286165481028258,12.043018526752961,ramp
0.5,2130.0,280.0,1124.6321592567376,5.30631689853595,11.989716406803478,ramp
0.5,2131.0,281.0,1130.2553200530215,5.326465716838752,11.93573019948898,ramp
0.5,2132.0,282.0,1135.9065966532862,5.346611858446004,11.881045490045913,ramp
0.5,2133.0,283.0,1141.5861296365526,5.366755245880281,11.825647585599246,ramp
0.5,2134.0,284.0,1147.2940602847352,5.3868958016728845,11.769521519941959,ramp
0.5,2135.0,285.0,1153.0305305861586,5.40703344836016,11.712652059565231,ramp
0.5,2136.0,286.0,1158.7956832390896,5.427168108480667,11.655023711057835,ramp
0.5,2137.0,287.0,1164.5896616552848,5.447299704573339,11.596620729999698,ramp
0.5,2138.0,288.0,1170.4126099635612,5.467428159176743,11.537427131482977,ramp
0.5,2139.0,289.0,1176.2646730133788,5.48755339482955,11.4774267024011,ramp
0.5,2140.0,290.0,1182.1459963784457,5.507675334072361,11.416603015653587,ramp
0.5,2141.0,291.0,1188.0567263603377,5.527793899451041,11.354939446421822,ramp
0.5,2142.0,292.0,1193.997009992139,5.547909013521664,11.29241919067798,ramp
0.5,2143.0,293.0,1199.9669950420998,5.568020598857297,11.229025286095835,ramp
0.5,2144.0,294.0,1200.0,5.585755755682516,11.164832962018934,hold
0.5,2145.0,295.0,1200.0,5.600298927781651,11.100188417560855,hold
0.5,2146.0,296.0,1200.0,5.612841485789678,11.035397172765324,hold
0.5,2147.0,297.0,1200.0,5.623874845605116,10.970694676158375,hold
0.5,2148.0,298.0,1200.0,5.633715444174145,10.906253404588288,hold
0.5,2149.0,299.0,1200.0,5.642601274897566,10.842191699425769,hold
0.5,2150.0,300.0,1200.0,5.6507188396423995,10.77858371858109,hold
0.5,2151.0,301.0,1200.0,5.658216044358256,10.71546860412791,hold
0.5,2152.0,302.0,1200.0,5.665210749118129,10.652858427666452,hold
0.5,2153.0,303.0,1200.0,5.671797127130155,10.590744874889042,hold
0.5,2154.0,304.0,1200.0,5.678050568259799,10.52910474528579,hold
0.5,2155.0,305.0,1200.0,5.684031513410023,10.467904387772315,hold
0.5,2156.0,306.0,1200.0,5.689788475062247,10.407103211235752,hold
0.5,2157.0,307.0,1200.0,5.6953604283612425,10.346656411534637,hold
0.5,2158.0,308.0,1200.0,5.700778710786359,10.286517049100558,hold
0.5,2159.0,309.0,1200.0,5.706068535675831,10.226637598259215,hold
0.5,2160.0,310.0,1200.0,5.711250200821195,10.16697107384773,hold
0.5,2161.0,311.0,1200.0,5.716340055327098,10.107471824745831,hold
0.5,2162.0,312.0,1200.0,5.721351274232444,10.0480960688199,hold
0.5,2163.0,313.0,1200.0,5.72629447986306,9.98880223016371,hold
0.5,2164.0,314.0,1200.0,5.73117824073007,9.92955112767686,hold
0.5,2165.0,315.0,1200.0,5.736009472424679,9.8703060539773,hold
0.5,2166.0,316.0,1200.0,5.740793759967009,9.811032775286375,hold
0.5,2167.0,317.0,1200.0,5.745535617130406,9.751699476077809,hold
0.5,2168.0,318.0,1200.0,5.750238695147277,9.692276666744124,hold
0.5,2169.0,319.0,1200.0,5.754905950728908,9.632737068102978,hold
0.5,2170.0,320.0,1200.0,5.759539781361992,9.573055483059228,hold
0.5,2171.0,321.0,1200.0,5.764142134272955,9.51320866298602,hold
0.5,2172.0,322.0,1200.0,5.768714594194286,9.453175174251642,hold
0.5,2173.0,323.0,1200.0,5.773258454060651,9.392935268674014,hold
0.5,2174.0,324.0,1200.0,5.7777747719555475,9.332470760432935,hold
0.5,2175.0,325.0,1200.0,5.782264416981241,9.27176491102823,hold
0.5,2176.0,326.0,1200.0,5.786728106204222,9.210802323173088,hold
0.5,2177.0,327.0,1200.0,5.79116643440968,9.14956884400135,hold
0.5,2178.0,328.0,1200.0,5.795579898061715,9.088051477602722,hold
0.5,2179.0,329.0,1200.0,5.799968914594755,9.026238306646233,hold
0.5,2180.0,330.0,1200.0,5.804333837943294,8.964118422682736,hold
0.5,2181.0,331.0,1200.0,5.808674971041051,8.901681864610236,hold
0.5,2182.0,332.0,1200.0,5.812992575878888,8.838919564725638,hold
0.5,2183.0,333.0,1200.0,5.817286881596522,8.775823301759482,hold
0.5,2184.0,334.0,1200.0,5.821558090990883,8.712385660287435,hold
0.5,2185.0,335.0,1200.0,5.825806385749737,8.648599995925554,hold
0.5,2186.0,336.0,1200.0,5.830031930659278,8.584460405740929,hold
0.5,2187.0,337.0,1200.0,5.834234876986082,8.519961703340078,hold
0.5,2188.0,338.0,1200.0,5.838415365194874,8.455099398131983,hold
0.5,2189.0,339.0,1200.0,5.842573527132207,8.389869678298833,hold
0.5,2190.0,340.0,1200.0,5.846709487780773,8.324269397043784,hold
0.5,2191.0,341.0,1200.0,5.850823366668706,8.258296061719504,hold
0.5,2192.0,342.0,1200.0,5.854915279001787,8.191947825474415,hold
0.5,2193.0,343.0,1200.0,5.858985336573147,8.125223481084621,hold
0.5,2194.0,344.0,1200.0,5.8630336484944765,8.058122456667451,hold
0.5,2195.0,345.0,1200.0,5.867060321784037,7.990644812998841,hold
0.5,2196.0,346.0,1200.0,5.871065461839939,7.922791242180153,hold
0.5,2197.0,347.0,1200.0,5.875049172821442,7.854563067421205,hold
0.5,2198.0,348.0,1200.0,5.879011557956681,7.785962243724962,hold
0.5,2199.0,349.0,1200.0,5.8829527197914615,7.716991359276747,hold
0.5,2200.0,350.0,1200.0,5.886872760390956,7.647653637355616,hold
0.5,2201.0,351.0,1200.0,5.890771781503727,7.577952938599401,hold
0.5,2202.0,352.0,1200.0,5.894649884695644,7.507893763466509,hold
0.5,2203.0,353.0,1200.0,5.898507171459744,7.437481254749104,hold
0.5,2204.0,354.0,1200.0,5.9023437433068295,7.366721200001588,hold
0.5,2205.0,355.0,1200.0,5.906159701840696,7.29562003375737,hold
0.5,2206.0,356.0,1200.0,5.909955148820989,7.2241848394151225,hold
0.5,2207.0,357.0,1200.0,5.91373018621616,7.152423350683101,hold
0.5,2208.0,358.0,1200.0,5.91748491624841,7.080343952477304,hold
0.5,2209.0,359.0,1200.0,5.921219441432135,7.0079556811755355,hold
0.5,2210.0,360.0,1200.0,5.924933864607063,6.935268224136378,hold
0.5,2211.0,361.0,1200.0,5.9286282889669994,6.862291918397282,hold
0.5,2212.0,362.0,1200.0,5.9323028180848985,6.789037748472916,hold
0.5,2213.0,363.0,1200.0,5.935957555934793,6.715517343179959,hold
0.5,2214.0,364.0,1200.0,5.9395926069110185,6.641742971420953,hold
0.5,2215.0,365.0,1200.0,5.943208075845021,6.567727536865358,hold
0.5,2216.0,366.0,1200.0,5.9468040680199845,6.4934845714718135,hold
0.5,2217.0,367.0,1200.0,5.950380689183426,6.419028227801711,hold
0.5,2218.0,368.0,1200.0,5.953938045557875,6.344373270080046,hold
0.5,2219.0,369.0,1200.0,5.957476243849699,6.269535063965692,hold
0.5,2220.0,370.0,1200.0,5.960995391256105,6.194529564999308,hold
0.5,2221.0,371.0,1200.0,5.964495595470338,6.119373305703589,hold
0.5,2222.0,372.0,1200.0,5.967976964685071,6.044083381316515,hold
0.5,2223.0,373.0,1200.0,5.971439607593945,5.968677434145247,hold
0.5,2224.0,374.0,1200.0,5.974883633391269,5.89317363653421,hold
0.5,2225.0,375.0,1200.0,5.978309151769825,5.817590672447745,hold
0.5,2226.0,376.0,1200.0,5.981716272916732,5.741947717674339,hold
0.5,2227.0,377.0,1200.0,5.985105107507369,5.666264418665789,hold
0.5,2228.0,378.0,1200.0,5.988475766697285,5.590560870031074,hold
0.5,2229.0,379.0,1200.0,5.9918283621120985,5.514857590711507,hold
0.5,2230.0,380.0,1200.0,5.995163005835322,5.439175498869857,hold
0.5,2231.0,381.0,1200.0,5.998479810394135,5.3635358855324675,hold
0.5,2232.0,382.0,1200.0,6.0017788887430505,5.287960387029681,hold
0.5,2233.0,383.0,1200.0,6.0050603542454875,5.212470956285596,hold
0.5,2234.0,384.0,1200.0,6.00832432065324,5.1370898330142065,hold
0.5,2235.0,385.0,1200.0,6.011570902083847,5.061839512884529,hold
0.5,2236.0,386.0,1200.0,6.0148002129958895,4.986742715722525,hold
0.5,2237.0,387.0,1200.0,6.0180123681622115,4.911822352822792,hold
0.5,2238.0,388.0,1200.0,6.0212074826411275,4.837101493447918,hold
0.5,2239.0,389.0,1200.0,6.024385671745626,4.762603330597555,hold
0.5,2240.0,390.0,1200.0,6.027547051010628,4.688351146133776,hold
0.5,2241.0,391.0,1200.0,6.030691736158365,4.614368275352732,hold
0.5,2242.0,392.0,1200.0,6.033819843061937,4.5406780710962815,hold
0.5,2243.0,393.0,1200.0,6.0369314877070845,4.467303867500159,hold
0.5,2244.0,394.0,1200.0,6.040026786152339,4.394268943477919,hold
0.5,2245.0,395.0,1200.0,6.043105854487551,4.321596486042126,hold
0.5,2246.0,396.0,1200.0,6.046168808790937,4.2493095535659355,hold
0.5,2247.0,397.0,1200.0,6.049215765084764,4.177431039089699,hold
0.5,2248.0,398.0,1200.0,6.05224683928973,4.105983633777948,hold
0.5,2249.0,399.0,1200.0,6.055262147178202,4.034989790632679,hold
0.5,2250.0,400.0,1200.0,6.058261804326419,3.964471688568733,hold
0.5,2251.0,401.0,1200.0,6.061245926065781,3.8944511969566658,hold
0.5,2252.0,402.0,1200.0,6.064214627433365,3.8249498407374882,hold
0.5,2253.0,403.0,1200.0,6.067168023121812,3.755988766212278,hold
0.5,2254.0,404.0,1200.0,6.070106227428713,3.6875887076078144,hold
0.5,2255.0,405.0,1200.0,6.073029354205648,3.6197699545170106,hold
0.5,2256.0,406.0,1200.0,6.075937516807012,3.5525523203101783,hold
0.5,2257.0,407.0,1200.0,6.078830828038825,3.485955111610047,hold
0.5,2258.0,408.0,1200.0,6.081709400107595,3.4199970989197124,hold
0.5,2259.0,409.0,1200.0,6.084573344569475,3.354696488488705,hold
0.5,2260.0,410.0,1200.0,6.087422772279797,3.2900708954980753,hold
0.5,2261.0,411.0,1200.0,6.090257793343189,3.2261373186403977,hold
0.5,2262.0,412.0,1200.0,6.093078517064385,3.162912116165655,hold
0.5,2263.0,413.0,1200.0,6.095885051899904,3.1004109834584064,hold
0.5,2264.0,414.0,1200.0,6.098677505410731,3.038648932205866,hold
0.5,2265.0,415.0,1200.0,6.101455984216145,2.9776402712106047,hold
0.5,2266.0,416.0,1200.0,6.104220593948846,2.9173985888952005,hold
0.5,2267.0,417.0,1200.0,6.106971439211503,2.8579367375396996,hold
0.5,2268.0,418.0,1200.0,6.1097086235348534,2.799266819286249,hold
0.5,2269.0,419.0,1200.0,6.11243224933749,2.7414001739382217,hold
0.5,2270.0,420.0,1200.0,6.115142417887444,2.6843473685744517,hold
0.5,2271.0,421.0,1200.0,6.117839229265672,2.6281181889921483,hold
0.5,2272.0,422.0,1200.0,6.120522782331574,2.5727216329851164,hold
0.5,2273.0,423.0,1200.0,6.123193174690596,2.5181659054568626,hold
0.5,2274.0,424.0,1200.0,6.1258505026640595,2.464458415361327,hold
0.5,2275.0,425.0,1200.0,6.128494861261247,2.411605774457041,hold
0.5,2276.0,426.0,1200.0,6.131126344153846,2.359613797853872,hold
0.5,2277.0,427.0,1200.0,6.133745043652802,2.308487506324944,hold
0.5,2278.0,428.0,1200.0,6.136351050687618,2.258231130349918,hold
0.5,2279.0,429.0,1200.0,6.138944454788187,2.2088481158497904,hold
0.5,2280.0,430.0,1200.0,6.141525344069126,2.1603411315674834,hold
0.5,2281.0,431.0,1200.0,6.144093805216673,2.1127120780429145,hold
0.5,2282.0,432.0,1200.0,6.146649923478178,2.0659620981260325,hold
0.5,2283.0,433.0,1200.0,6.149193782654121,2.0200915889665354,hold
0.5,2284.0,434.0,1200.0,6.151725465092731,1.9751002154143604,hold
0.5,2285.0,435.0,1200.0,6.154245051687118,1.930986924761024,hold
0.5,2286.0,436.0,1200.0,6.156752621874946,1.887749962748217,hold
0.5,2287.0,437.0,1200.0,6.159248253640568,1.8453868907668323,hold
0.5,2288.0,438.0,1200.0,6.161732023519614,1.8038946041667672,hold
0.5,2289.0,439.0,1200.0,6.164204006605938,1.7632693515955302,hold
0.5,2290.0,440.0,1200.0,6.166664276560904,1.723506755281766,hold
0.5,2291.0,441.0,1200.0,6.1691129056249165,1.6846018321784195,hold
0.5,2292.0,442.0,1200.0,6.171549964631114,1.6465490158791785,hold
0.5,2293.0,443.0,1200.0,6.173975523021161,1.6093421792213958,hold
0.5,2294.0,444.0,1200.0,6.17638964886303,1.5729746574885233,hold
0.5,2295.0,445.0,1200.0,6.178792408870706,1.5374392721254153,hold
0.5,2296.0,446.0,1200.0,6.181183868425658,1.502728354880612,hold
0.5,2297.0,447.0,1200.0,6.183564091600039,1.46883377229078,hold
0.5,2298.0,448.0,1200.0,6.185933141181467,1.435746950424055,hold
0.5,2299.0,449.0,1200.0,6.188291078699265,1.4034588998008166,hold
0.5,2300.0,450.0,1200.0,6.190637964452093,1.3719602404126205,hold
0.5,2301.0,451.0,1200.0,6.192973857536789,1.341241226762498,hold
0.5,2302.0,452.0,1200.0,6.195298815878365,1.3112917728525426,hold
0.5,2303.0,453.0,1200.0,6.197612896261002,1.2821014770477528,hold
0.5,2304.0,454.0,1200.0,6.199916154359934,1.25365964674831,hold
0.5,2305.0,455.0,1200.0,6.2022086447741,1.2259553228058526,hold
0.5,2306.0,456.0,1200.0,6.204490421059463,1.1989773036229414,hold
0.5,2307.0,457.0,1200.0,6.206761535762853,1.1727141688785752,hold
0.5,2308.0,458.0,1200.0,6.209022040456245,1.1471543028264792,hold
0.5,2309.0,459.0,1200.0,6.211271985771349,1.1222859171167814,hold
0.5,2310.0,460.0,1200.0,6.213511421434409,1.0980970730956157,hold
0.5,2311.0,461.0,1200.0,6.215740396301095,1.074575703541261,hold
0.5,2312.0,462.0,1200.0,6.217958958391411,1.0517096337993181,hold
0.5,2313.0,463.0,1200.0,6.220167154924489,1.029486602283463,hold
0.5,2314.0,464.0,1200.0,6.222365032353206,1.00789428031224,hold
0.5,2315.0,465.0,1200.0,6.224552636398526,0.9869202912561631,hold
0.5,2316.0,466.0,1200.0,6.2267300120834745,0.9665522289732706,hold
0.5,2317.0,467.0,1200.0,6.228897203766668,0.9467776755149084,hold
0.5,2318.0,468.0,1200.0,6.231054255175357,0.9275842180870812,hold
0.5,2319.0,469.0,1200.0,6.233201209437858,0.9089594652562107,hold
0.5,2320.0,470.0,1200.0,6.235338109115378,0.8908910623913914,hold
0.5,2321.0,471.0,1200.0,6.237464996233094,0.8733667063384298,hold
0.5,2322.0,472.0,1200.0,6.2395819123105305,0.856374159323924,hold
0.5,2323.0,473.0,1200.0,6.2416888983911,0.8399012620904962,hold
0.5,2324.0,474.0,1200.0,6.243785995070823,0.8239359462669332,hold
0.5,2325.0,475.0,1200.0,6.245873242526164,0.8084662459795001,hold
0.5,2326.0,476.0,1200.0,6.247950680540955,0.793480308712976,hold
0.5,2327.0,477.0,1200.0,6.2500183485323975,0.7789664054321033,hold
0.5,2328.0,478.0,1200.0,6.25207628557609,0.764912939976094,hold
0.5,2329.0,479.0,1200.0,6.254124530430097,0.7513084577406188,hold
0.5,2330.0,480.0,1200.0,6.256163121558019,0.7381416536632948,hold
0.5,2331.0,481.0,1200.0,6.258192097151068,0.725401379530115,hold
0.5,2332.0,482.0,1200.0,6.260211495149145,0.7130766506215349,hold
0.5,2333.0,483.0,1200.0,6.262221353260922,0.7011566517180122,hold
0.5,2334.0,484.0,1200.0,6.264221708982907,0.6896307424857657,hold
0.5,2335.0,485.0,1200.0,6.266212599617528,0.6784884622642796,hold
0.5,2336.0,486.0,1200.0,6.268194062290228,0.6677195342777473,hold
0.5,2337.0,487.0,1200.0,6.270166133965598,0.657313869293165,hold
0.5,2338.0,488.0,1200.0,6.272128851462526,0.6472615687481275,hold
0.5,2339.0,489.0,1200.0,6.274082251468428,0.6375529273716876,hold
0.5,2340.0,490.0,1200.0,6.276026370552549,0.6281784353217577,hold
0.5,2341.0,491.0,1200.0,6.277961245178354,0.6191287798625699,hold
0.5,2342.0,492.0,1200.0,6.279886911715055,0.6103948466056621,hold
0.5,2343.0,493.0,1200.0,6.281803406448265,0.6019677203377076,hold
0.5,2343.005514642783,493.0055146427828,1200.0,6.28181394305056,0.6019221238029554,hold
1.0,1850.0,0.0,278.3,0.0,17.0,ramp
1.0,1851.0,1.0,281.083,0.0048721308509414975,16.999739337918097,ramp
1.0,1852.0,2.0,283.89383000000004,0.016406368103913316,16.99837514017751,ramp
1.0,1853.0,2.9999999999999964,286.7327683,0.032242870436632015,16.995524793180905,ramp
1.0,1854.0,3.999999999999993,289.600095983,0.05137915920118644,16.99116328144168,ramp
1.0,1855.0,4.999999999999989,292.49609694283,0.07316566424083891,16.98545793966621,ramp
1.0,1856.0,5.999999999999986,295.4210579122583,0.09710961392834318,16.97866815881099,ramp
1.0,1857.0,6.999999999999982,298.37526849138084,0.12281959142774873,16.97108354585662,ramp
1.0,1858.0,7.999999999999979,301.3590211762947,0.14998017836272817,16.96298757716977,ramp
1.0,1859.0,8.999999999999993,304.37261138805763,0.17833572876060771,16.954637295312654,ramp
1.0,1860.0,10.0,307.41633750193824,0.2076784021864359,16.946253096648274,ramp
1.0,1861.0,11.0,310.4905008769576,0.23783887690719827,16.938014917752408,ramp
1.0,1862.0,12.0,313.5954058857272,0.2686789962559462,16.9300624459544,ramp
1.0,1863.0,13.0,316.7313599445845,0.3000858883955773,16.922497768841456,ramp
1.0,1864.0,14.0,319.8986735440304,0.33196723679940326,16.915389383823914,ramp
1.0,1865.0,15.0,323.09766027947063,0.36424746117003964,16.908776833593873,ramp
1.0,1866.0,16.0,326.3286368822654,0.3968646245641204,16.902675476852718,ramp
1.0,1867.0,17.0,329.591923251088,0.4297679230657805,16.897081078362934,ramp
1.0,1868.0,18.0,332.8878424835989,0.462915644744316,16.891974027610555,ramp
1.0,1869.0,19.0,336.21672090843487,0.4962735078805031,16.88732308410265,ramp
1.0,1870.0,20.0,339.5788881175192,0.5298133064906428,16.883088608877067,ramp
1.0,1871.0,21.0,342.97467699869446,0.563511805334341,16.879225283142976,ramp
1.0,1872.0,22.0,346.40442376868134,0.5973498377920927,16.875684341414356,ramp
1.0,1873.0,23.0,349.8684680063682,0.6313115689184351,16.872415362120904,ramp
1.0,1874.0,24.0,353.3671526864319,0.6653838931178526,16.8693676665972,ramp
1.0,1875.0,25.0,356.9008242132962,0.6995559416328031,16.866491379921673,ramp
1.0,1876.0,26.0,360.4698324554292,0.7338186796661956,16.863738206076917,ramp
1.0,1877.0,27.0,364.0745307799835,0.7681645767089932,16.861061966643643,ramp
1.0,1878.0,28.0,367.7152760877833,0.8025873366829348,16.85841894767491,ramp
1.0,1879.0,29.0,371.39242884866115,0.8370816769771326,16.8557680942054,ramp
1.0,1880.0,30.0,375.1063531371478,0.871643147465392,16.85307108650133,ramp
1.0,1881.0,31.0,378.85741666851925,0.906267982226299,16.85029232696224,ramp
1.0,1882.0,32.0,382.64599083520443,0.94095297802084,16.847398861741596,ramp
1.0,1883.0,32.99999999999994,386.4724507435563,0.9756953946692545,16.8443602567688,ramp
1.0,1884.0,33.999999999999886,390.3371752509916,1.0104928733557828,16.841148443983727,ramp
1.0,1884.9999999999998,34.99999999999983,394.2405470035013,1.0453433696140972,16.837737550242572,ramp
1.0,1885.9999999999998,35.99999999999977,398.1829524735361,1.0802450983375391,16.834103718503968,ramp
1.0,1886.9999999999998,36.999999999999716,402.1647819982712,1.1151964886414452,16.830224928520693,ramp
1.0,1887.9999999999995,37.99999999999966,406.1864298182537,1.150196146799547,16.826080822300707,ramp
1.0,1888.9999999999995,38.9999999999996,410.24829411643606,1.1852428257991396,16.82165253801121,ramp
1.0,1889.9999999999995,39.999999999999545,414.35077705760017,1.2203354003234514,16.816922554732727,ramp
1.0,1890.9999999999995,40.99999999999949,418.4942848281759,1.2554728461853737,16.811874549478826,ramp
1.0,1891.9999999999995,41.99999999999943,422.67922767645746,1.2906542234130953,16.80649326713613,ramp
1.0,1892.9999999999993,42.999999999999375,426.9060199532218,1.3258786623325378,16.80076440340978,ramp
1.0,1893.9999999999993,43.99999999999932,431.17508015275376,1.3611453521095502,16.794674500445446,ramp
1.0,1894.9999999999993,44.99999999999926,435.486830954281,1.3964535313115525,16.788210854511178,ramp
1.0,1895.999999999999,45.999999999999204,439.8416992638236,1.4318024801274012,16.781361434932556,ramp
1.0,1896.999999999999,46.99999999999915,444.2401162564616,1.4671915139491487,16.77411481336267,ramp
1.0,1897.999999999999,47.99999999999909,448.68251741902594,1.5026199780724463,16.766460102415106,ramp
1.0,1898.999999999999,48.999999999999034,453.169342593216,1.538087243315915,16.75838690267917,ramp
1.0,1899.999999999999,49.99999999999898,457.70103601914786,1.5735927023954899,16.749885257158766,ramp
1.0,1900.9999999999989,50.99999999999892,462.2780463793391,1.6091357669190582,16.740945612221033,ramp
1.0,1901.9999999999989,51.99999999999886,466.9008268431323,1.6447158648907505,16.731558784200224,ramp
1.0,1902.9999999999989,52.999999999998806,471.5698351115633,1.680332438633966,16.72171593086999,ramp
1.0,1903.9999999999986,53.99999999999875,476.28553346267864,1.7159849430584597,16.711408527069477,ramp
1.0,1904.9999999999986,54.99999999999869,481.0483887973052,1.751672844210128,16.70062834384179,ramp
1.0,1905.9999999999986,55.999999999998636,485.85887268527796,1.7873956180530826,16.689367430514313,ramp
1.0,1906.9999999999986,56.99999999999858,490.7174614121305,1.8231527494426385,16.6776180992191,ramp
1.0,1907.9999999999986,57.99999999999852,495.62463602625155,1.8589437312552255,16.66537291141579,ramp
1.0,1908.9999999999984,58.999999999998465,500.58088238651374,1.8947680636473634,16.652624666037987,ramp
1.0,1909.9999999999984,59.99999999999841,505.5866912103786,1.9306252534208463,16.639366388938516,ramp
1.0,1910.9999999999984,60.99999999999835,510.6425581224821,1.9665148134754258,16.625591323358027,ramp
1.0,1911.9999999999982,61.999999999998295,515.7489837037066,2.0024362623336804,16.611292921183416,ramp
1.0,1912.9999999999982,62.99999999999824,520.9064735407434,2.0383891237255676,16.59646483480282,ramp
1.0,1913.9999999999982,63.99999999999818,526.1155382761506,2.0743729262224537,16.581100909396508,ramp
1.0,1914.9999999999982,64.99999999999812,531.3766936589118,2.1103872029123227,16.56519517553261,ramp
1.0,1915.9999999999982,65.99999999999807,536.6904605955006,2.146431491109392,16.548741841962592,ramp
1.0,1916.999999999998,66.99999999999801,542.0573652014554,2.182505332092692,16.53173528853298,ramp
1.0,1917.999999999998,67.99999999999795,547.4779388534696,2.218608270869161,16.514170059148334,ramp
1.0,1918.999999999998,68.9999999999979,552.9527182420039,2.2547398559577037,16.49604085473634,ramp
1.0,1919.9999999999977,69.99999999999784,558.4822454244236,2.2908996391913288,16.47734252617961,ramp
1.0,1920.9999999999977,70.99999999999778,564.0670678786676,2.3270871755350777,16.458070067188633,ramp
1.0,1921.9999999999977,71.99999999999773,569.7077385574539,2.3633020229178943,16.43821860710006,ramp
1.0,1922.9999999999977,72.99999999999767,575.4048159430282,2.399543742076973,16.417783403591947,ramp
1.0,1923.9999999999977,73.99999999999761,581.1588641024581,2.435811896413409,16.396759835312633,ramp
1.0,1924.9999999999975,74.99999999999756,586.9704527434824,2.472106051858234,16.375143394424622,ramp
1.0,1925.9999999999975,75.9999999999975,592.8401572709168,2.5084257767480693,16.35292967906797,ramp
1.0,1926.9999999999975,76.99999999999744,598.7685588436257,2.544770641709833,16.330114385750797,ramp
1.0,1927.9999999999973,77.99999999999739,604.7562444320616,2.58114021955399,16.30669330167491,ramp
1.0,1928.9999999999973,78.99999999999733,610.8038068763818,2.6175340851759685,16.28266229700621,ramp
1.0,1929.9999999999973,79.99999999999727,616.9118449451453,2.653951815465409,16.258017317099398,ramp
1.0,1930.9999999999973,80.99999999999721,623.0809633945964,2.6903929892229645,16.23275437468621,ramp
1.0,1931.9999999999973,81.99999999999716,629.3117730285421,2.7268571870843985,16.206869542036202,ramp
1.0,1932.999999999997,82.9999999999971,635.6048907588272,2.7633439914517504,16.180358943097556,ramp
1.0,1933.999999999997,83.99999999999704,641.9609396664151,2.7998529864313633,16.15321874562454,ramp
1.0,1934.999999999997,84.99999999999699,648.3805490630789,2.8363837577785422,16.12544515329643,ramp
1.0,1935.9999999999968,85.99999999999693,654.8643545537093,2.872935892848655,16.09703439783133,ramp
1.0,1936.9999999999968,86.99999999999687,661.412998099246,2.9095089805544334,16.06798273109685,ramp
1.0,1937.9999999999968,87.99999999999682,668.0271280802381,2.946102611329283,16.038286417217382,ramp
1.0,1938.9999999999968,88.99999999999676,674.7073993610401,2.98271637709634,16.007941724675664,ramp
1.0,1939.9999999999968,89.9999999999967,681.4544733546502,3.0193498712430626,15.976944918404888,ramp
1.0,1940.9999999999966,90.99999999999665,688.2690180881962,3.056002688601089,15.945292251866059,ramp
1.0,1941.9999999999966,91.99999999999659,695.1517082690779,3.0926744254311114,15.912979959102302,ramp
1.0,1942.9999999999966,92.99999999999653,702.1032253517682,3.1293646794125016,15.88000424676117,ramp
1.0,1943.9999999999964,93.99999999999648,709.1242576052854,3.166073049637407,15.846361286073906,ramp
1.0,1944.9999999999964,94.99999999999642,716.2155001813379,3.202799136609032,15.812047204778487,ramp
1.0,1945.9999999999964,95.99999999999636,723.377655183151,3.2395425422438278,15.777058078972646,ramp
1.0,1946.9999999999964,96.9999999999963,730.611431734982,3.2763028698772954,15.741389924880167,ramp
1.0,1947.9999999999964,97.99999999999625,737.9175460523314,3.313079724273094,15.705038690514403,ramp
1.0,1948.9999999999961,98.99999999999619,745.2967215128543,3.349872711635179,15.668000247219483,ramp
1.0,1949.9999999999961,99.99999999999613,752.7496887279825,3.3866814396226568,15.630270381069963,ramp
1.0,1950.9999999999961,100.99999999999608,760.2771856152618,3.4235055173670776,15.591844784108034,ramp
1.0,1951.999999999996,101.99999999999602,767.8799574714141,3.4603445554918606,15.552719045397131,ramp
1.0,1952.999999999996,102.99999999999596,775.5587570461278,3.4971981661335794,15.512888641868772,ramp
1.0,1953.999999999996,103.99999999999591,783.3143446165885,3.5340659629648217,15.47234892893958,ramp
1.0,1954.999999999996,104.99999999999585,791.1474880627541,3.57094756121834,15.431095130875145,ramp
1.0,1955.999999999996,105.9999999999958,799.0589629433811,3.6078425777122596,15.3891223308762,ramp
1.0,1956.9999999999957,106.99999999999574,807.0495525728145,3.6447506308760462,15.34642546086255,ramp
1.0,1957.9999999999957,107.99999999999568,815.1200480985422,3.6816713407770307,15.302999290930059,ramp
1.0,1958.9999999999957,108.99999999999562,823.2712485795272,3.7186043291472255,15.258838418455941,ramp
1.0,1959.9999999999955,109.99999999999557,831.503961065322,3.7555492194102302,15.21393725682757,ramp
1.0,1960.9999999999955,110.99999999999551,839.8190006759747,3.792505636708004,15.168290023770304,ramp
1.0,1961.9999999999955,111.99999999999545,848.217190682734,3.8294732079273124,15.121890729250035,ramp
1.0,1962.9999999999955,112.9999999999954,856.6993625895609,3.86645156172567,15.074733162926904,ramp
1.0,1963.9999999999955,113.99999999999534,865.266356215456,3.903440328556599,15.026810881136909,ramp
1.0,1964.9999999999952,114.99999999999528,873.9190197776101,3.9404391406940427,14.978117193379175,ramp
1.0,1965.9999999999952,115.99999999999523,882.6582099753857,3.977447632255798,14.928645148287726,ramp
1.0,1966.9999999999952,116.99999999999517,891.484792075139,4.014465439225832,14.878387519067617,ramp
1.0,1967.999999999995,117.99999999999511,900.3996399958899,4.051492199475353,14.827336788376906,ramp
1.0,1968.999999999995,118.99999999999505,909.4036363958484,4.08852755278254,14.775485132637085,ramp
1.0,1969.999999999995,119.999999999995,918.4976727598063,4.1255711408508295,14.722824405757208,ramp
1.0,1970.999999999995,120.99999999999494,927.6826494874038,4.162622607325677,14.669346122258467,ramp
1.0,1971.999999999995,121.99999999999488,936.9594759822774,4.199681597809701,14.615041439789344,ramp
1.0,1972.9999999999948,122.99999999999483,946.3290707420996,4.236747759876192,14.55990114102341,ramp
1.0,1973.9999999999948,123.99999999999477,955.7923614495201,4.273820743080871,14.503915614935686,ramp
1.0,1974.9999999999948,124.99999999999471,965.3502850640147,4.310900198971913,14.447074837457633,ramp
1.0,1975.9999999999945,125.99999999999466,975.0037879146544,4.347985781098144,14.389368351514705,ramp
1.0,1976.9999999999945,126.9999999999946,984.7538257938004,4.385077145015441,14.330785246455514,ramp
1.0,1977.9999999999945,127.99999999999454,994.6013640517377,4.422173948291259,14.271314136887506,ramp
1.0,1978.9999999999948,128.99999999999477,1004.5473776922573,4.459275850507324,14.210943140940357,ramp
1.0,1979.999999999995,129.999999999995,1014.5928514691823,4.496382513260448,14.149659857986219,ramp
1.0,1980.9999999999952,130.99999999999523,1024.7387799838764,4.533493600161482,14.087451345853669,ramp
1.0,1981.9999999999955,131.99999999999545,1034.9861677837175,4.570608776832438,14.024304097582375,ramp
1.0,1982.9999999999957,132.99999999999568,1045.336029461557,4.607727710901752,13.960204017776267,ramp
1.0,1983.999999999996,133.9999999999959,1055.789389756175,4.644850071997754,13.895136398625498,ramp
1.0,1984.9999999999961,134.99999999999613,1066.3472836537392,4.681975531740358,13.829085895681297,ramp
1.0,1985.9999999999964,135.99999999999636,1077.0107564902792,4.719103763730998,13.762036503484225,ramp
1.0,1986.9999999999966,136.9999999999966,1087.7808640551843,4.75623444354089,13.693971531163877,ramp
1.0,1987.9999999999968,137.99999999999682,1098.6586726957387,4.793367248697668,13.624873578148962,ramp
1.0,1988.999999999997,138.99999999999704,1109.6452594226987,4.830501858670446,13.554724510149029,ramp
1.0,1989.9999999999973,139.99999999999727,1120.7417120169282,4.8676379548534205,13.48350543559541,ramp
1.0,1990.9999999999975,140.9999999999975,1131.9491291370998,4.904775220548097,13.411196682757495,ramp
1.0,1991.9999999999977,141.99999999999773,1143.2686204284737,4.941913340944268,13.337777777783659,ramp
1.0,1992.999999999998,142.99999999999795,1154.7013066327609,4.979052003099858,13.263227423950962,ramp
1.0,1993.9999999999982,143.99999999999818,1166.2483196990913,5.016190895919848,13.187523482449517,ramp
1.0,1994.9999999999984,144.9999999999984,1177.9108028960848,5.0533297101343955,13.110642955071228,ramp
1.0,1995.9999999999986,145.99999999999864,1189.6899109250483,5.090468138276432,13.032561969222261,ramp
1.0,1996.9999999999989,146.99999999999886,1200.0,5.127529526104599,12.953256398942873,hold
1.0,1997.999999999999,147.9999999999991,1200.0,5.158762988298798,12.87300648986158,hold
1.0,1998.9999999999993,148.99999999999932,1200.0,5.184146275706317,12.79263281185168,hold
1.0,1999.9999999999995,149.99999999999955,1200.0,5.20570341374249,12.712783974001722,hold
1.0,2000.9999999999998,150.99999999999977,1200.0,5.224340687088779,12.6339332244468,hold
1.0,2002.0,152.0,1200.0,5.240662971642005,12.556402899897899,hold
1.0,2003.0,153.0,1200.0,5.2551302597333445,12.480392102563655,hold
1.0,2004.0,154.0,1200.0,5.268104607669222,12.406003524348645,hold
1.0,2005.0,155.0,1200.0,5.279873950258622,12.333266602315433,hold
1.0,2006.0,156.0,1200.0,5.290668272913834,12.26215675715424,hold
1.0,2007.0,157.0,1200.0,5.300671741709566,12.192611026121941,hold
1.0,2008.0,158.0,1200.0,5.310032095968369,12.124540513230592,hold
1.0,2009.0,159.0,1200.0,5.318868015125751,12.05784010227539,hold
1.0,2010.0,160.0,1200.0,5.327274937469216,11.992395869645122,hold
1.0,2011.0,161.0,1200.0,5.335329677865832,11.928090604929704,hold
1.0,2012.0,162.0,1200.0,5.343094105313099,11.864807805459694,hold
1.0,2013.0,163.0,1200.0,5.3506180797995055,11.802434462821624,hold
1.0,2014.0,164.0,1200.0,5.357941802798161,11.740862910371058,hold
1.0,2015.0,165.0,1200.0,5.365097701782183,11.679991954331104,hold
1.0,2016.0,166.0,1200.0,5.372111943290365,11.619727469205797,hold
1.0,2017.0,167.0,1200.0,5.3790056491534965,11.559982601819504,hold
1.0,2018.0,168.0,1200.0,5.385795875020359,11.500677697446399,hold
1.0,2019.0,169.0,1200.0,5.39249639822221,11.441740035907698,hold
1.0,2020.0,170.0,1200.0,5.399118352497234,11.383103444657351,hold
1.0,2021.0,171.0,1200.0,5.4056707395756565,11.324707839125928,hold
1.0,2022.0,172.0,1200.0,5.412160841659491,11.26649872731849,hold
1.0,2023.0,173.0,1200.0,5.418594554082032,11.208426705275196,hold
1.0,2024.0,174.0,1200.0,5.424976653642113,11.150446961977787,hold
1.0,2025.0,175.0,1200.0,5.431311015076384,11.092518806162799,hold
1.0,2026.0,176.0,1200.0,5.437600785703388,11.034605222898753,hold
1.0,2027.0,177.0,1200.0,5.44384852632294,10.976672464377652,hold
1.0,2028.0,178.0,1200.0,5.450056324887035,10.91868967689798,hold
1.0,2029.0,179.0,1200.0,5.456225888197506,10.86062856426428,hold
1.0,2030.0,180.0,1200.0,5.462358615870099,10.802463086626654,hold
1.0,2031.0,181.0,1200.0,5.468455659986448,10.744169192995791,hold
1.0,2032.0,182.0,1200.0,5.474517973195493,10.685724585191196,hold
1.0,2033.0,183.0,1200.0,5.48054634749371,10.627108510726478,hold
1.0,2034.0,184.0,1200.0,5.486541445483914,10.568301582044384,hold
1.0,2035.0,185.0,1200.0,5.492503825565731,10.509285619535284,hold
1.0,2036.0,186.0,1200.0,5.498433962230813,10.450043515869238,hold
1.0,2037.0,187.0,1200.0,5.504332262409922,10.390559119317208,hold
1.0,2038.0,188.0,1200.0,5.510199078636337,10.33081713390959,hold
1.0,2039.0,189.0,1200.0,5.516034719642692,10.270803034466269,hold
1.0,2040.0,190.0,1200.0,5.521839458889251,10.210502994720846,hold
1.0,2041.0,191.0,1200.0,5.527613541425433,10.149903826946666,hold
1.0,2042.0,192.0,1200.0,5.533357189408849,10.088992931666912,hold
1.0,2043.0,193.0,1200.0,5.539070606543278,10.02775825619556,hold
1.0,2044.0,194.0,1200.0,5.544753981646514,9.966188260904561,hold
1.0,2045.0,195.0,1200.0,5.55040749151807,9.904271892250174,hold
1.0,2046.0,196.0,1200.0,5.556031303243806,9.841998561712385,hold
1.0,2047.0,197.0,1200.0,5.561625576047869,9.779358129910102,hold
1.0,2048.0,198.0,1200.0,5.567190462780924,9.716340895250172,hold
1.0,2049.0,199.0,1200.0,5.572726111116314,9.65293758655267,hold
1.0,2050.0,200.0,1200.0,5.578232664511818,9.589139359167177,hold
1.0,2051.0,201.0,1200.0,5.583710262983386,9.524937794158348,hold
1.0,2052.0,202.0,1200.0,5.589159043728259,9.460324900193083,hold
1.0,2053.0,203.0,1200.0,5.594579141627406,9.395293117808375,hold
1.0,2054.0,204.0,1200.0,5.599970689651498,9.329835325778323,hold
1.0,2055.0,205.0,1200.0,5.605333819189739,9.263944849331821,hold
1.0,2056.0,206.0,1200.0,5.610668660317176,9.197615470001022,hold
1.0,2057.0,207.0,1200.0,5.615975342012926,9.130841436903793,hold
1.0,2058.0,208.0,1200.0,5.621253992339413,9.063617479282414,hold
1.0,2059.0,209.0,1200.0,5.626504738590549,8.995938820137205,hold
1.0,2060.0,210.0,1200.0,5.631727707415404,8.927801190805669,hold
1.0,2061.0,211.0,1200.0,5.636923024922379,8.859200846348696,hold
1.0,2062.0,212.0,1200.0,5.642090816768106,8.79013458161305,hold
1.0,2063.0,213.0,1200.0,5.647231208234264,8.720599747845153,hold
1.0,2064.0,214.0,1200.0,5.652344324294966,8.650594269736466,hold
1.0,2065.0,215.0,1200.0,5.6574302896767605,8.580116662783286,hold
1.0,2066.0,216.0,1200.0,5.662489228912897,8.509166050846494,hold
1.0,2067.0,217.0,1200.0,5.667521266393133,8.437742183797871,hold
1.0,2068.0,218.0,1200.0,5.672526526410097,8.365845455140695,hold
1.0,2069.0,219.0,1200.0,5.677505133203002,8.293476919492285,hold
1.0,2070.0,220.0,1200.0,5.682457210999286,8.22063830981614,hold
1.0,2071.0,221.0,1200.0,5.687382884054659,8.147332054291306,hold
1.0,2072.0,222.0,1200.0,5.692282276691888,8.073561292706072,hold
1.0,2073.0,223.0,1200.0,5.697155513338555,7.999329892263074,hold
1.0,2074.0,224.0,1200.0,5.702002718563971,7.924642462682678,hold
1.0,2075.0,225.0,1200.0,5.706824017115328,7.849504370492091,hold
1.0,2076.0,226.0,1200.0,5.711619533953157,7.773921752387447,hold
1.0,2077.0,227.0,1200.0,5.716389394286098,7.697901527557962,hold
1.0,2078.0,228.0,1200.0,5.721133723604961,7.621451408862103,hold
1.0,2079.0,229.0,1200.0,5.725852647716032,7.544579912747874,hold
1.0,2080.0,230.0,1200.0,5.7305462927735284,7.467296367811961,hold
1.0,2081.0,231.0,1200.0,5.735214785311157,7.389610921895474,hold
1.0,2082.0,232.0,1200.0,5.739858252272634,7.311534547617818,hold
1.0,2083.0,233.0,1200.0,5.7444768210410615,7.233079046255042,hold
1.0,2084.0,234.0,1200.0,5.749070619467049,7.154257049873706,hold
1.0,2085.0,235.0,1200.0,5.753639775895433,7.075082021637164,hold
1.0,2086.0,236.0,1200.0,5.758184419190466,6.995568254207944,hold
1.0,2087.0,237.0,1200.0,5.762704678759345,6.915730866176502,hold
1.0,2088.0,238.0,1200.0,5.767200684573921,6.835585796454663,hold
1.0,2089.0,239.0,1200.0,5.7716725671904845,6.7551497965801195,hold
1.0,2090.0,240.0,1200.0,5.776120457767444,6.674440420887247,hold
1.0,2091.0,241.0,1200.0,5.7805444880808095,6.593476014508457,hold
1.0,2092.0,242.0,1200.0,5.784944790537329,6.512275699180362,hold
1.0,2093.0,243.0,1200.0,5.789321498185152,6.430859356838644,hold
1.0,2094.0,244.0,1200.0,5.793674744721916,6.349247610995924,hold
1.0,2095.0,245.0,1200.0,5.798004664500136,6.267461805907441,hold
1.0,2096.0,246.0,1200.0,5.802311392529801,6.185523983539933,hold
1.0,2097.0,247.0,1200.0,5.8065950644780875,6.103456858369677,hold
1.0,2098.0,248.0,1200.0,5.810855816666106,6.021283790046376,hold
1.0,2099.0,249.0,1200.0,5.815093786062617,5.93902875397015,hold
1.0,2100.0,250.0,1200.0,5.819309110274647,5.856716309839061,hold
1.0,2101.0,251.0,1200.0,5.823501927534956,5.774371568234885,hold
1.0,2102.0,252.0,1200.0,5.827672376686367,5.69202015532468,hold
1.0,2103.0,253.0,1200.0,5.831820597162868,5.609688175764988,hold
1.0,2104.0,254.0,1200.0,5.835946728967534,5.527402173904351,hold
1.0,2105.0,255.0,1200.0,5.840050912647265,5.445189093388712,hold
1.0,2106.0,256.0,1200.0,5.844133289264338,5.363076235281888,hold
1.0,2107.0,257.0,1200.0,5.848194000364862,5.281091214820501,hold
1.0,2108.0,258.0,1200.0,5.852233187944112,5.199261916929939,hold
1.0,2109.0,259.0,1200.0,5.8562509944088905,5.117616450633387,hold
1.0,2110.0,260.0,1200.0,5.860247562536916,5.036183102491801,hold
1.0,2111.0,261.0,1200.0,5.864223035433389,4.954990289217027,hold
1.0,2112.0,262.0,1200.0,5.868177556484809,4.874066509604332,hold
1.0,2113.0,263.0,1200.0,5.872111269310168,4.79344029593378,hold
1.0,2114.0,264.0,1200.0,5.876024317709658,4.71314016499233,hold
1.0,2115.0,265.0,1200.0,5.879916845611001,4.633194568870352,hold
1.0,2116.0,266.0,1200.0,5.883788997013621,4.55363184568709,hold
1.0,2117.0,267.0,1200.0,5.887640915930731,4.474480170400185,hold
1.0,2118.0,268.0,1200.0,5.891472746329578,4.395767505853639,hold
1.0,2119.0,269.0,1200.0,5.895284632069997,4.317521554217775,hold
1.0,2120.0,270.0,1200.0,5.899076716841455,4.239769708972949,hold
1.0,2121.0,271.0,1200.0,5.9028491440987905,4.162539007586248,hold
1.0,2122.0,272.0,1200.0,5.906602056996858,4.085856085027513,hold
1.0,2123.0,273.0,1200.0,5.910335598324256,4.009747128267476,hold
1.0,2124.0,274.0,1200.0,5.914049910436369,3.93423783189638,hold
1.0,2125.0,275.0,1200.0,5.917745135187939,3.859353354997019,hold
1.0,2126.0,276.0,1200.0,5.921421413865356,3.785118279400592,hold
1.0,2127.0,277.0,1200.0,5.92507888711891,3.711556569448219,hold
1.0,2128.0,278.0,1200.0,5.928717694895219,3.638691533374737,hold
1.0,2129.0,279.0,1200.0,5.932337976370021,3.566545786424642,hold
1.0,2130.0,280.0,1200.0,5.935939869881584,3.495141215803088,hold
1.0,2131.0,281.0,1200.0,5.9395235128649135,3.4244989475573586,hold
1.0,2132.0,282.0,1200.0,5.943089041786989,3.3546393154766188,hold
1.0,2133.0,283.0,1200.0,5.946636592083199,3.2855818320894743,hold
1.0,2134.0,284.0,1200.0,5.950166298095245,3.2173451618306137,hold
1.0,2135.0,285.0,1200.0,5.953678293010605,3.149947096439319,hold
1.0,2136.0,286.0,1200.0,5.957172708803831,3.0834045326436574,hold
1.0,2137.0,287.0,1200.0,5.9606496761798295,3.017733452175386,hold
1.0,2138.0,288.0,1200.0,5.964109324519273,2.9529489041514467,hold
1.0,2139.0,289.0,1200.0,5.9675517818263355,2.889064989848745,hold
1.0,2140.0,290.0,1200.0,5.970977174678893,2.826094849889786,hold
1.0,2141.0,291.0,1200.0,5.974385628181329,2.7640506538475025,hold
1.0,2142.0,292.0,1200.0,5.977777265920069,2.702943592268458,hold
1.0,2143.0,293.0,1200.0,5.981152209921987,2.64278387110454,hold
1.0,2144.0,294.0,1200.0,5.984510580615774,2.58358070853435,hold
1.0,2145.0,295.0,1200.0,5.987852496796346,2.525342334146702,hold
1.0,2146.0,296.0,1200.0,5.991178075592431,2.4680759904501457,hold
1.0,2147.0,297.0,1200.0,5.994487432437345,2.411787936664123,hold
1.0,2148.0,298.0,1200.0,5.997780681043046,2.3564834547394273,hold
1.0,2149.0,299.0,1200.0,6.001057933377514,2.3021668575479963,hold
1.0,2150.0,300.0,1200.0,6.004319299645471,2.2488414991748273,hold
1.0,2151.0,301.0,1200.0,6.007564888272465,2.196509787237999,hold
1.0,2152.0,302.0,1200.0,6.010794805892331,2.145173197156427,hold
1.0,2153.0,303.0,1200.0,6.014009157338017,2.094832288279053,hold
1.0,2154.0,304.0,1200.0,6.017208045635731,2.0454867217838646,hold
1.0,2155.0,305.0,1200.0,6.02039157200243,1.9971352802502471,hold
1.0,2156.0,306.0,1200.0,6.023559835846543,1.9497758888039667,hold
1.0,2157.0,307.0,1200.0,6.026712934771904,1.9034056377302908,hold
1.0,2158.0,308.0,1200.0,6.0298509645848295,1.8580208064476869,hold
1.0,2159.0,309.0,1200.0,6.0329740193042385,1.813616888732002,hold
1.0,2160.0,310.0,1200.0,6.0360821911747475,1.7701886190790679,hold
1.0,2161.0,311.0,1200.0,6.039175570682616,1.7277300000923366,hold
1.0,2162.0,312.0,1200.0,6.042254246574465,1.686234330781396,hold
1.0,2163.0,313.0,1200.0,6.045318305878616,1.645694235657038,hold
1.0,2164.0,314.0,1200.0,6.04836783392895,1.6061016945089015,hold
1.0,2165.0,315.0,1200.0,6.051402914391147,1.567448072752664,hold
1.0,2166.0,316.0,1200.0,6.0544236292911835,1.5297241522352256,hold
1.0,2167.0,317.0,1200.0,6.057430059045886,1.492920162388188,hold
1.0,2168.0,318.0,1200.0,6.06042228249549,1.4570258116224666,hold
1.0,2169.0,319.0,1200.0,6.063400376937975,1.422030318859647,hold
1.0,2170.0,320.0,1200.0,6.0663644181650405,1.3879224450990264,hold
1.0,2171.0,321.0,1200.0,6.069314480499598,1.3546905249228693,hold
1.0,2172.0,322.0,1200.0,6.072250636834581,1.3223224978464525,hold
1.0,2173.0,323.0,1200.0,6.075172958672949,1.2908059394236986,hold
1.0,2174.0,324.0,1200.0,6.078081516168713,1.2601280920237996,hold
1.0,2175.0,325.0,1200.0,6.080976378168822,1.2302758951989599,hold
1.0,2176.0,326.0,1200.0,6.083857612255784,1.2012360155683748,hold
1.0,2177.0,327.0,1200.0,6.086725284790837,1.17299487614867,hold
1.0,2178.0,328.0,1200.0,6.089579460957563,1.1455386850662248,hold
1.0,2179.0,329.0,1200.0,6.0924202048057605,1.1188534635921072,hold
1.0,2180.0,330.0,1200.0,6.095247579295468,1.09292507344567,hold
1.0,2181.0,331.0,1200.0,6.098061646340994,1.0677392433182133,hold
1.0,2182.0,332.0,1200.0,6.100862466854824,1.0432815945734006,hold
1.0,2183.0,333.0,1200.0,6.103650100791289,1.019537666086376,hold
1.0,2184.0,334.0,1200.0,6.106424607189874,0.9964929381887064,hold
1.0,2185.0,335.0,1200.0,6.10918604421805,0.9741328556913139,hold
1.0,2186.0,336.0,1200.0,6.111934469213549,0.9524428499624605,hold
1.0,2187.0,337.0,1200.0,6.114669938725975,0.9314083600426405,hold
1.0,2188.0,338.0,1200.0,6.117392508557636,0.9110148527828162,hold
1.0,2189.0,339.0,1200.0,6.1201022338035544,0.8912478419967794,hold
1.0,2190.0,340.0,1200.0,6.1227991688905785,0.872092906622658,hold
1.0,2191.0,341.0,1200.0,6.125483367615477,0.8535357078925396,hold
1.0,2192.0,342.0,1200.0,6.12815488318203,0.835562005512896,hold
1.0,2193.0,343.0,1200.0,6.130813768237004,0.8181576728620183,hold
1.0,2194.0,344.0,1200.0,6.133460074904994,0.8013087112139229,hold
1.0,2195.0,345.0,1200.0,6.1360938548220725,0.7850012630012114,hold
1.0,2196.0,346.0,1200.0,6.138715159168241,0.7692216241321458,hold
1.0,2196.86719354452,346.8671935445201,1200.0,6.140978254820923,0.7559546146964997,hold
2.0,1850.0,0.0,278.3,0.0,17.0,ramp
2.0,1851.0,1.0,283.86600000000004,0.009696175177017392,16.9994812686743,ramp
2.0,1852.0,2.0,289.54332,0.032649582359703985,16.996766663720475,ramp
2.0,1853.0,2.9999999999999964,295.33418639999996,0.06416115965035342,16.991094929985785,ramp
2.0,1854.0,3.999999999999993,301.240870128,0.10223299116517248,16.982415061376297,ramp
2.0,1855.0,4.999999999999989,307.26568753055994,0.1455695581903443,16.97105654695402,ramp
2.0,1856.0,5.999999999999986,313.4110012811712,0.19318749139523253,16.95752964417086,ramp
2.0,1857.0,6.999999999999982,319.6792213067946,0.2443052576111098,16.942402681348092,ramp
2.0,1858.0,7.999999999999979,326.0728057329304,0.2982927122481766,16.926230274456774,ramp
2.0,1859.0,8.999999999999993,332.5942618475891,0.3546388082019501,16.909513424292577,ramp
2.0,1860.0,10.0,339.24614708454095,0.4129277716453281,16.892679530984868,ramp
2.0,1861.0,11.0,346.0310700262318,0.47282060690886984,16.87607494372791,ramp
2.0,1862.0,12.0,352.95169142675644,0.5340404476608134,16.859965335572365,ramp
2.0,1863.0,13.0,360.0107252552916,0.5963608413511438,16.844540790061888,ramp
2.0,1864.0,14.0,367.2109397603974,0.6595963257039855,16.829923502974605,ramp
2.0,1865.0,15.0,374.5551585556054,0.7235948193764608,16.816176687112538,ramp
2.0,1866.0,16.0,382.0462617267175,0.7882314600685973,16.80331374577717,ramp
2.0,1867.0,17.0,389.6871869612518,0.8534036039336308,16.791307118838258,ramp
2.0,1868.0,18.0,397.4809307004769,0.9190267605498803,16.78009644481311,ramp
2.0,1869.0,19.0,405.4305493144864,0.9850312839741694,16.769595850068335,ramp
2.0,1870.0,20.0,413.5391603007762,1.0513596763301196,16.75970029123514,ramp
2.0,1871.0,21.0,421.8099435067917,1.117964388594849,16.7502909532385,ramp
2.0,1872.0,22.0,430.24614237692754,1.184806025576565,16.74123975352057,ramp
2.0,1873.0,23.0,438.85106522446614,1.2518518798644993,16.732413031029395,ramp
2.0,1874.0,24.0,447.62808652895546,1.3190747337786723,16.723674512325136,ramp
2.0,1875.0,25.0,456.58064825953454,1.386451879804013,16.71488765120658,ramp
2.0,1876.0,26.0,465.71226122472524,1.4539643192391392,16.705917435897824,ramp
2.0,1877.0,27.0,475.02650644921977,1.5215961062722412,16.69663175148937,ramp
2.0,1878.0,28.0,484.5270365782042,1.5893338107654,16.68690237675098,ramp
2.0,1879.0,29.0,494.2175773097683,1.6571660779603565,16.676605684853904,ramp
2.0,1880.0,30.0,504.10192885596365,1.725083267332493,16.665623107806862,ramp
2.0,1881.0,31.0,514.1839674330829,1.7930771560904384,16.65384141506942,ramp
2.0,1882.0,32.0,524.4676467817445,1.8611406954863932,16.64115284820194,ramp
2.0,1883.0,32.99999999999994,534.9569997173788,1.9292678102798282,16.627455145723857,ramp
2.0,1884.0,33.999999999999886,545.6561397117258,1.9974532334755575,16.612651485659033,ramp
2.0,1884.9999999999998,34.99999999999983,556.5692625059597,2.065692369910007,16.596650367545763,ramp
2.0,1885.9999999999998,35.99999999999977,567.7006477560784,2.1339811834464077,16.57936545093003,ramp
2.0,1886.9999999999998,36.999999999999716,579.0546607111992,2.2023161035093093,16.560715363463665,ramp
2.0,1887.9999999999995,37.99999999999966,590.6357539254226,2.2706939474805514,16.540623488597355,ramp
2.0,1888.9999999999995,38.9999999999996,602.4484690039303,2.3391118561250384,16.51901774038674,ramp
2.0,1889.9999999999995,39.999999999999545,614.4974383840083,2.407567239741547,16.495830331017842,ramp
2.0,1890.9999999999995,40.99999999999949,626.7873871516878,2.4760577331629934,16.470997535205573,ramp
2.0,1891.9999999999995,41.99999999999943,639.3231348947209,2.544581158079668,16.444459454537167,ramp
2.0,1892.9999999999993,42.999999999999375,652.1095975926145,2.6131354914425207,16.41615978404281,ramp
2.0,1893.9999999999993,43.99999999999932,665.151789544466,2.681718838933515,16.386045582706746,ramp
2.0,1894.9999999999993,44.99999999999926,678.4548253353546,2.7503294126761255,16.354067049229144,ramp
2.0,1895.999999999999,45.999999999999204,692.023921842061,2.8189655125094455,16.320177304060483,ramp
2.0,1896.999999999999,46.99999999999915,705.8644002789014,2.8876255102706447,16.28433217852035,ramp
2.0,1897.999999999999,47.99999999999909,719.9816882844787,2.956307836628125,16.246490011650575,ramp
2.0,1898.999999999999,48.999999999999034,734.3813220501673,3.0250109700863694,16.206611455318388,ramp
2.0,1899.999999999999,49.99999999999898,749.0689484911699,3.093733427846608,16.16465928796026,ramp
2.0,1900.9999999999989,50.99999999999892,764.0503274609925,3.1624737582582396,16.120598237234432,ramp
2.0,1901.9999999999989,51.99999999999886,779.3313340102114,3.2312305346369503,16.074394811723074,ramp
2.0,1902.9999999999989,52.999999999998806,794.9179606904147,3.3000023502585667,16.026017141690755,ramp
2.0,1903.9999999999986,53.99999999999875,810.8163199042222,3.368787814364561,15.975434828766764,ramp
2.0,1904.9999999999986,54.99999999999869,827.0326463023057,3.43758554903721,15.922618804275444,ramp
2.0,1905.9999999999986,55.999999999998636,843.5732992283508,3.506394186820562,15.867541195796178,ramp
2.0,1906.9999999999986,56.99999999999858,860.4447652129169,3.5752123689786433,15.810175201395985,ramp
2.0,1907.9999999999986,57.99999999999852,877.6536605171743,3.6440387442951843,15.750494970848349,ramp
2.0,1908.9999999999984,58.999999999998465,895.2067337275168,3.7128719683303033,15.68847549303584,ramp
2.0,1909.9999999999984,59.99999999999841,913.1108684020661,3.781710703059262,15.624092488635634,ramp
2.0,1910.9999999999984,60.99999999999835,931.3730857701064,3.8505536168269865,15.557322307108903,ramp
2.0,1911.9999999999982,61.999999999998295,950.0005474855075,3.919399384559795,15.488141826961666,ramp
2.0,1912.9999999999982,62.99999999999824,969.0005584352165,3.988246688182713,15.416528358217,ramp
2.0,1913.9999999999982,63.99999999999818,988.3805696039199,4.057094217197166,15.34245954603873,ramp
2.0,1914.9999999999982,64.99999999999812,1008.1481809959971,4.1259406693796725,15.265913274476441,ramp
2.0,1915.9999999999982,65.99999999999807,1028.3111446159157,4.194784751567494,15.186867569360318,ramp
2.0,1916.999999999998,66.99999999999801,1048.877367508233,4.263625180502154,15.10530049946329,ramp
2.0,1917.999999999998,67.99999999999795,1069.8549148583966,4.332460683706114,15.021190075167269,ramp
2.0,1918.999999999998,68.9999999999979,1091.2520131555632,4.401290000372044,14.934514144019102,ramp
2.0,1919.9999999999977,69.99999999999784,1113.0770534186731,4.470111882247634,14.845250282741743,ramp
2.0,1920.9999999999977,70.99999999999778,1135.3385944870454,4.538925094502177,14.753375685474976,ramp
2.0,1921.9999999999977,71.99999999999773,1158.0453663767853,4.607728416563909,14.658867048262586,ramp
2.0,1922.9999999999977,72.99999999999767,1181.2062737043195,4.676520642919559,14.561700450075561,ramp
2.0,1923.9999999999977,73.99999999999761,1200.0,4.744901015590515,14.461856025529388,hold
2.0,1924.9999999999975,74.99999999999756,1200.0,4.800825390850654,14.360081732465249,hold
2.0,1925.9999999999975,75.9999999999975,1200.0,4.845532573178523,14.2581608751503,hold
2.0,1926.9999999999975,76.99999999999744,1200.0,4.882754223613117,14.1574278399021,hold
2.0,1927.9999999999973,77.99999999999739,1200.0,4.914232286353172,14.058825526588587,hold
2.0,1928.9999999999973,78.99999999999733,1200.0,4.941149550279277,13.962974352316696,hold
2.0,1929.9999999999973,79.99999999999727,1200.0,4.964410763138165,13.87024079709426,hold
2.0,1930.9999999999973,80.99999999999721,1200.0,4.984730057182468,13.780798289147018,hold
2.0,1931.9999999999973,81.99999999999716,1200.0,5.00267652514099,13.694677390739527,hold
2.0,1932.999999999997,82.9999999999971,1200.0,5.018705529320808,13.611806219052877,hold
2.0,1933.999999999997,83.99999999999704,1200.0,5.033182302623933,13.53204250681983,hold
2.0,1934.999999999997,84.99999999999699,1200.0,5.046400280450006,13.455198603066084,hold
2.0,1935.9999999999968,85.99999999999693,1200.0,5.058595515343543,13.381060585021043,hold
2.0,1936.9999999999968,86.99999999999687,1200.0,5.069958088123084,13.309402533911474,hold
2.0,1937.9999999999968,87.99999999999682,1200.0,5.080641182405358,13.239996907192179,hold
2.0,1938.9999999999968,88.99999999999676,1200.0,5.09076832534742,13.172621815708759,hold
2.0,1939.9999999999968,89.9999999999967,1200.0,5.1004391803291815,13.107065891158005,hold
2.0,1940.9999999999966,90.99999999999665,1200.0,5.109734190812067,13.043131312765553,hold
2.0,1941.9999999999966,91.99999999999659,1200.0,5.118718309420923,12.980635456527011,hold
2.0,1942.9999999999966,92.99999999999653,1200.0,5.127443996468484,12.919411537856332,hold
2.0,1943.9999999999964,93.99999999999648,1200.0,5.135953633652428,12.85930853962299,hold
2.0,1944.9999999999964,94.99999999999642,1200.0,5.144281468677324,12.800190651806277,hold
2.0,1945.9999999999964,95.99999999999636,1200.0,5.152455183048727,12.74193639518692,hold
2.0,1946.9999999999964,96.9999999999963,1200.0,5.160497156755536,12.684437558167415,hold
2.0,1947.9999999999964,97.99999999999625,1200.0,5.16842548888074,12.627598041432307,hold
2.0,1948.9999999999961,98.99999999999619,1200.0,5.176254821514045,12.571332678252361,hold
2.0,1949.9999999999961,99.99999999999613,1200.0,5.183997005036676,12.515566077466582,hold
2.0,1950.9999999999961,100.99999999999608,1200.0,5.191661635410695,12.460231520369225,hold
2.0,1951.999999999996,101.99999999999602,1200.0,5.199256488145624,12.40526993088419,hold
2.0,1952.999999999996,102.99999999999596,1200.0,5.206787868831852,12.350628929690563,hold
2.0,1953.999999999996,103.99999999999591,1200.0,5.214260896284931,12.296261976678498,hold
2.0,1954.999999999996,104.99999999999585,1200.0,5.221679731250229,12.242127601707685,hold
2.0,1955.999999999996,105.9999999999958,1200.0,5.229047761123922,12.18818872065938,hold
2.0,1956.9999999999957,106.99999999999574,1200.0,5.236367749135935,12.134412031862514,hold
2.0,1957.9999999999957,107.99999999999568,1200.0,5.243641954818209,12.080767486854755,hold
2.0,1958.9999999999957,108.99999999999562,1200.0,5.250872231272077,12.02722782889183,hold
2.0,1959.9999999999955,109.99999999999557,1200.0,5.258060103690796,11.97376819247755,hold
2.0,1960.9999999999955,110.99999999999551,1200.0,5.265206832738717,11.920365757322477,hold
2.0,1961.9999999999955,111.99999999999545,1200.0,5.272313465697967,11.866999450458975,hold
2.0,1962.9999999999955,112.9999999999954,1200.0,5.279380877735264,11.813649690670692,hold
2.0,1963.9999999999955,113.99999999999534,1200.0,5.2864098051902655,11.760298169884814,hold
2.0,1964.9999999999952,114.99999999999528,1200.0,5.293400872422001,11.706927666690284,hold
2.0,1965.9999999999952,115.99999999999523,1200.0,5.300354613454962,11.65352188765534,hold
2.0,1966.9999999999952,116.99999999999517,1200.0,5.307271489428028,11.600065332611534,hold
2.0,1967.999999999995,117.99999999999511,1200.0,5.314151902656537,11.546543180532643,hold
2.0,1968.999999999995,118.99999999999505,1200.0,5.320996207962044,11.492941193063517,hold
2.0,1969.999999999995,119.999999999995,1200.0,5.3278047217983096,11.439245633140649,hold
2.0,1970.999999999995,120.99999999999494,1200.0,5.334577729600256,11.385443196494,hold
2.0,1971.999999999995,121.99999999999488,1200.0,5.341315491700376,11.331520954128528,hold
2.0,1972.9999999999948,122.99999999999483,1200.0,5.348018248090605,11.277466304156018,hold
2.0,1973.9999999999948,123.99999999999477,1200.0,5.354686222253971,11.22326693158688,hold
2.0,1974.9999999999948,124.99999999999471,1200.0,5.361319624247006,11.168910774898764,hold
2.0,1975.9999999999945,125.99999999999466,1200.0,5.367918653178795,11.114385998379426,hold
2.0,1976.9999999999945,126.9999999999946,1200.0,5.374483499204421,11.059680969395718,hold
2.0,1977.9999999999945,127.99999999999454,1200.0,5.381014345127584,11.004784239873446,hold
2.0,1978.9999999999948,128.99999999999477,1200.0,5.387511367688868,10.949684531387643,hold
2.0,1979.999999999995,129.999999999995,1200.0,5.393974738601256,10.894370723358785,hold
2.0,1980.9999999999952,130.99999999999523,1200.0,5.400404625382472,10.838831843933526,hold
2.0,1981.9999999999955,131.99999999999545,1200.0,5.40680119202412,10.783057063197823,hold
2.0,1982.9999999999957,132.99999999999568,1200.0,5.413164599529772,10.72703568842996,hold
2.0,1983.999999999996,133.9999999999959,1200.0,5.419495006347894,10.67075716115036,hold
2.0,1984.9999999999961,134.99999999999613,1200.0,5.425792568720426,10.614211055766765,hold
2.0,1985.9999999999964,135.99999999999636,1200.0,5.432057440963781,10.557387079648766,hold
2.0,1986.9999999999966,136.9999999999966,1200.0,5.438289775695767,10.500275074494466,hold
2.0,1987.9999999999968,137.99999999999682,1200.0,5.444489724019182,10.442865018877105,hold
2.0,1988.999999999997,138.99999999999704,1200.0,5.450657435670909,10.385147031879194,hold
2.0,1989.9999999999973,139.99999999999727,1200.0,5.456793059143399,10.327111377738722,hold
2.0,1990.9999999999975,140.9999999999975,1200.0,5.462896741784262,10.26874847144578,hold
2.0,1991.9999999999977,141.99999999999773,1200.0,5.468968629878425,10.210048885238946,hold
2.0,1992.999999999998,142.99999999999795,1200.0,5.475008868716499,10.151003355960501,hold
2.0,1993.9999999999982,143.99999999999818,1200.0,5.4810176026523045,10.091602793235854,hold
2.0,1994.9999999999984,144.9999999999984,1200.0,5.48699497515185,10.03183828844913,hold
2.0,1995.9999999999986,145.99999999999864,1200.0,5.4929411288356835,9.97170112449082,hold
2.0,1996.9999999999989,146.99999999999886,1200.0,5.498856205516112,9.911182786256862,hold
2.0,1997.999999999999,147.9999999999991,1200.0,5.504740346230491,9.850274971880191,hold
2.0,1998.9999999999993,148.99999999999932,1200.0,5.510593691271591,9.788969604677929,hold
2.0,1999.9999999999995,149.99999999999955,1200.0,5.51641638021578,9.72725884579731,hold
2.0,2000.9999999999998,150.99999999999977,1200.0,5.5222085519497,9.66513510754395,hold
2.0,2002.0,152.0,1200.0,5.527970344695887,9.602591067374863,hold
2.0,2003.0,153.0,1200.0,5.5337018960377655,9.539619682537921,hold
2.0,2004.0,154.0,1200.0,5.539403342944408,9.47621420533729,hold
2.0,2005.0,155.0,1200.0,5.5450748217951205,9.41236819900268,hold
2.0,2006.0,156.0,1200.0,5.550716468404308,9.348075554137758,hold
2.0,2007.0,157.0,1200.0,5.556328418046599,9.28333050572002,hold
2.0,2008.0,158.0,1200.0,5.5619108054824435,9.218127650621447,hold
2.0,2009.0,159.0,1200.0,5.567463764984247,9.152461965615709,hold
2.0,2010.0,160.0,1200.0,5.572987430363131,9.086328825834402,hold
2.0,2011.0,161.0,1200.0,5.578481934996366,9.019724023630488,hold
2.0,2012.0,162.0,1200.0,5.583947411855508,8.95264378780317,hold
2.0,2013.0,163.0,1200.0,5.589383993535282,8.885084803134397,hold
2.0,2014.0,164.0,1200.0,5.594791812283198,8.817044230182871,hold
2.0,2015.0,165.0,1200.0,5.600171000029891,8.74851972527674,hold
2.0,2016.0,166.0,1200.0,5.605521688420216,8.679509460641915,hold
2.0,2017.0,167.0,1200.0,5.610844008845008,8.610012144598798,hold
2.0,2018.0,168.0,1200.0,5.616138092473533,8.540027041755247,hold
2.0,2019.0,169.0,1200.0,5.6214040702865615,8.46955399311989,hold
2.0,2020.0,170.0,1200.0,5.626642073110008,8.39859343605516,hold
2.0,2021.0,171.0,1200.0,5.631852231649104,8.327146423986024,hold
2.0,2022.0,172.0,1200.0,5.637034676523021,8.255214645776341,hold
2.0,2023.0,173.0,1200.0,5.642189538299882,8.18280044468128,hold
2.0,2024.0,174.0,1200.0,5.647316947532055,8.109906836781105,hold
2.0,2025.0,175.0,1200.0,5.652417034791698,8.036537528799313,hold
2.0,2026.0,176.0,1200.0,5.657489930706391,7.962696935205199,hold
2.0,2027.0,177.0,1200.0,5.662535765994817,7.888390194499351,hold
2.0,2028.0,178.0,1200.0,5.667554671502343,7.813623184579578,hold
2.0,2029.0,179.0,1200.0,5.672546778236396,7.738402537083571,hold
2.0,2030.0,180.0,1200.0,5.6775122174015555,7.662735650604735,hold
2.0,2031.0,181.0,1200.0,5.6824511204341555,7.58663070267816,hold
2.0,2032.0,182.0,1200.0,5.687363619036354,7.510096660434824,hold
2.0,2033.0,183.0,1200.0,5.692249845209478,7.433143289824085,hold
2.0,2034.0,184.0,1200.0,5.697109931286537,7.355781163307046,hold
2.0,2035.0,185.0,1200.0,5.701944009963736,7.27802166592687,hold
2.0,2036.0,186.0,1200.0,5.706752214330885,7.199876999665848,hold
2.0,2037.0,187.0,1200.0,5.711534677900506,7.121360186004397,hold
2.0,2038.0,188.0,1200.0,5.7162915346355465,7.042485066602134,hold
2.0,2039.0,189.0,1200.0,5.721022918975512,6.963266302027666,hold
2.0,2040.0,190.0,1200.0,5.725728965860889,6.883719368470547,hold
2.0,2041.0,191.0,1200.0,5.730409810755704,6.8038605523763405,hold
2.0,2042.0,192.0,1200.0,5.735065589668101,6.723706942953967,hold
2.0,2043.0,193.0,1200.0,5.739696439168753,6.64327642251296,hold
2.0,2044.0,194.0,1200.0,5.744302496407027,6.562587654597594,hold
2.0,2045.0,195.0,1200.0,5.748883899124721,6.481660069894295,hold
2.0,2046.0,196.0,1200.0,5.753440785667301,6.400513849898725,hold
2.0,2047.0,197.0,1200.0,5.757973294992463,6.31916990833915,hold
2.0,2048.0,198.0,1200.0,5.762481566675982,6.237649870363128,hold
2.0,2049.0,199.0,1200.0,5.766965740914688,6.15597604950511,hold
2.0,2050.0,200.0,1200.0,5.771425958526497,6.074171422463199,hold
2.0,2051.0,201.0,1200.0,5.775862360947461,5.992259601723876,hold
2.0,2052.0,202.0,1200.0,5.780275090225689,5.910264806084084,hold
2.0,2053.0,203.0,1200.0,5.784664289012166,5.828211829130351,hold
2.0,2054.0,204.0,1200.0,5.789030100548362,5.746126005744736,hold
2.0,2055.0,205.0,1200.0,5.793372668650646,5.664033176717242,hold
2.0,2056.0,206.0,1200.0,5.797692137691465,5.581959651553526,hold
2.0,2057.0,207.0,1200.0,5.801988652577287,5.4999321695759535,hold
2.0,2058.0,208.0,1200.0,5.806262358723329,5.4179778594242665,hold
2.0,2059.0,209.0,1200.0,5.810513402025083,5.336124197070171,hold
2.0,2060.0,210.0,1200.0,5.814741928826698,5.254398962467331,hold
2.0,2061.0,211.0,1200.0,5.818948085886243,5.172830194965006,hold
2.0,2062.0,212.0,1200.0,5.823132020337941,5.091446147619608,hold
2.0,2063.0,213.0,1200.0,5.827293879651456,5.010275240543604,hold
2.0,2064.0,214.0,1200.0,5.831433811588308,4.929346013435904,hold
2.0,2065.0,215.0,1200.0,5.835551964155549,4.84868707744169,hold
2.0,2066.0,216.0,1200.0,5.8396484855567925,4.76832706649281,hold
2.0,2067.0,217.0,1200.0,5.843723524140762,4.688294588282179,hold
2.0,2068.0,218.0,1200.0,5.847777228347468,4.608618175027393,hold
2.0,2069.0,219.0,1200.0,5.851809746652192,4.5293262341796785,hold
2.0,2070.0,220.0,1200.0,5.855821227507442,4.450446999234272,hold
2.0,2071.0,221.0,1200.0,5.859811819283033,4.372008480798284,hold
2.0,2072.0,222.0,1200.0,5.863781670204497,4.294038418070449,hold
2.0,2073.0,223.0,1200.0,5.867730928290009,4.21656423088554,hold
2.0,2074.0,224.0,1200.0,5.871659741286004,4.139612972473711,hold
2.0,2075.0,225.0,1200.0,5.875568256601736,4.0632112830818965,hold
2.0,2076.0,226.0,1200.0,5.8794566212429205,3.9873853446004466,hold
2.0,2077.0,227.0,1200.0,5.883324981744742,3.9121608363342157,hold
2.0,2078.0,228.0,1200.0,5.887173484104381,3.8375628920520386,hold
2.0,2079.0,229.0,1200.0,5.8910022737133305,3.763616058443549,hold
2.0,2080.0,230.0,1200.0,5.894811495289663,3.690344255105979,hold
2.0,2081.0,231.0,1200.0,5.898601292810534,3.6177707361775626,hold
2.0,2082.0,232.0,1200.0,5.902371809445069,3.5459180537271333,hold
2.0,2083.0,233.0,1200.0,5.906123187487902,3.4748080230024354,hold
2.0,2084.0,234.0,1200.0,5.909855568293568,3.4044616896320137,hold
2.0,2085.0,235.0,1200.0,5.9135690922119215,3.3348992988677173,hold
2.0,2086.0,236.0,1200.0,5.917263898524851,3.2661402669464827,hold
2.0,2087.0,237.0,1200.0,5.920940125384431,3.1982031546417438,hold
2.0,2088.0,238.0,1200.0,5.924597909752729,3.1311056430659168,hold
2.0,2089.0,239.0,1200.0,5.928237387343474,3.0648645117766558,hold
2.0,2090.0,240.0,1200.0,5.931858692565714,2.999495619230355,hold
2.0,2091.0,241.0,1200.0,5.935461958469689,2.935013885617297,hold
2.0,2092.0,242.0,1200.0,5.9390473166950395,2.871433278103483,hold
2.0,2093.0,243.0,1200.0,5.942614897421526,2.8087667984949434,hold
2.0,2094.0,244.0,1200.0,5.946164829322384,2.747026473331076,hold
2.0,2095.0,245.0,1200.0,5.949697239520456,2.686223346404239,hold
2.0,2096.0,246.0,1200.0,5.953212253547221,2.6263674736937612,hold
2.0,2097.0,247.0,1200.0,5.956709995304803,2.56746792069358,hold
2.0,2098.0,248.0,1200.0,5.960190587031096,2.509532762103871,hold
2.0,2099.0,249.0,1200.0,5.9636541492680255,2.452569083848515,hold
2.0,2100.0,250.0,1200.0,5.967100800833102,2.3965829873719864,hold
2.0,2101.0,251.0,1200.0,5.9705306587942175,2.3415795961612598,hold
2.0,2102.0,252.0,1200.0,5.9739438384478145,2.287563064430752,hold
2.0,2103.0,253.0,1200.0,5.977340453300408,2.234536587901172,hold
2.0,2104.0,254.0,1200.0,5.980720615053487,2.1825024165962517,hold
2.0,2105.0,255.0,1200.0,5.984084433591815,2.1314618695752445,hold
2.0,2106.0,256.0,1200.0,5.987432016975071,2.081415351513083,hold
2.0,2107.0,257.0,1200.0,5.990763471432877,2.032362371034945,hold
2.0,2108.0,258.0,1200.0,5.994078901363106,1.9843015607071723,hold
2.0,2109.0,259.0,1200.0,5.997378409333463,1.9372306985823844,hold
2.0,2110.0,260.0,1200.0,6.000662096086272,1.8911467311929957,hold
2.0,2111.0,261.0,1200.0,6.003930060546387,1.8460457978843972,hold
2.0,2112.0,262.0,1200.0,6.007182399832142,1.8019232563766363,hold
2.0,2113.0,263.0,1200.0,6.010419209269264,1.758773709441649,hold
2.0,2114.0,264.0,1200.0,6.0136405824076355,1.7165910325818736,hold
2.0,2115.0,265.0,1200.0,6.016846611040783,1.6753684025954863,hold
2.0,2116.0,266.0,1200.0,6.020037385227998,1.6350983269134745,hold
2.0,2117.0,267.0,1200.0,6.023212993318934,1.5957726735942266,hold
2.0,2118.0,268.0,1200.0,6.026373521980571,1.55738270186244,hold
2.0,2119.0,269.0,1200.0,6.029519056226403,1.5199190930807482,hold
2.0,2120.0,270.0,1200.0,6.032649679447668,1.4833719820445193,hold
2.0,2121.0,271.0,1200.0,6.03576547344654,1.44773098849283,hold
2.0,2122.0,272.0,1200.0,6.038866518471059,1.4129852487316243,hold
2.0,2123.0,273.0,1200.0,6.041952893251695,1.379123447268463,hold
2.0,2123.7971353693138,273.797135369314,1200.0,6.044402688884408,1.3527563862219751,hold
3.0,1850.0,0.0,278.3,0.0,17.0,ramp
3.0,1851.0,1.0,286.649,0.01447307210301855,16.999225741435012,ramp
3.0,1852.0,2.0,295.24847,0.04873284148125332,16.9951742469961,ramp
3.0,1853.0,2.9999999999999964,304.10592410000004,0.09576127119794865,16.986709504599983,ramp
3.0,1854.0,3.999999999999993,313.229101823,0.15257193807530361,16.97375351389594,ramp
3.0,1855.0,4.999999999999989,322.62597487769,0.21722693567367496,16.956792640596337,ramp
3.0,1856.0,5.999999999999986,332.30475412402063,0.28825440529048935,16.936579080881348,ramp
3.0,1857.0,6.999999999999982,342.2738967477412,0.36448389919399465,16.913947950985477,ramp
3.0,1858.0,7.999999999999979,352.5421136501734,0.44497108763450344,16.88971056971821,ramp
3.0,1859.0,8.999999999999993,363.11837705967883,0.5289495513583378,16.86459522260721,ramp
3.0,1860.0,10.0,374.01192837146925,0.6157952037248339,16.839217415527543,ramp
3.0,1861.0,11.0,385.2322862226133,0.7049986660957648,16.814068581101154,ramp
3.0,1862.0,12.0,396.7892548092917,0.7961433879923963,16.789516258101717,ramp
3.0,1863.0,13.0,408.6929324535705,0.8888881515544955,16.765811179642377,ramp
3.0,1864.0,14.0,420.95372042717764,0.9829530038783308,16.743098230637976,ramp
3.0,1865.0,15.0,433.58233203999293,1.0781079035604155,16.721429249802043,ramp
3.0,1866.0,16.0,446.58980200119277,1.174163533100424,16.70077634938091,ramp
3.0,1867.0,17.0,459.98749606122857,1.2709638487491974,16.681044912320406,ramp
3.0,1868.0,18.0,473.7871209430655,1.3683800294161879,16.6620857651399,ramp
3.0,1869.0,19.0,488.0007345713574,1.466305555267985,16.643706257351536,ramp
3.0,1870.0,20.0,502.6407566084982,1.5646522003349055,16.625680134226958,ramp
3.0,1871.0,21.0,517.7199793067531,1.663346765662351,16.607756190516234,ramp
3.0,1872.0,22.0,533.2515786859557,1.7623284130369323,16.589665754277764,ramp
3.0,1873.0,23.0,549.2491260465345,1.861546486078209,16.571129084168657,ramp
3.0,1874.0,24.0,565.7265998279305,1.9609587269947641,16.551860779238392,ramp
3.0,1875.0,25.0,582.6983978227684,2.0605298146722535,16.531574304012725,ramp
3.0,1876.0,26.0,600.1793497574515,2.1602301638398007,16.509985728210285,ramp
3.0,1877.0,27.0,618.184730250175,2.2600349365028154,16.486816773174077,ramp
3.0,1878.0,28.0,636.7302721576802,2.3599232261423913,16.461797248315232,ramp
3.0,1879.0,29.0,655.8321803224107,2.4598773827620395,16.434666952029467,ramp
3.0,1880.0,30.0,675.507145732083,2.5598824530272646,16.40517710349745,ramp
3.0,1881.0,31.0,695.7723601040454,2.6599257147452406,16.373091364905797,ramp
3.0,1882.0,32.0,716.645530907167,2.7599962889763248,16.338186507991956,ramp
3.0,1883.0,32.99999999999994,738.1448968343807,2.860084816324878,16.30025277428515,ramp
3.0,1884.0,33.999999999999886,760.289243739411,2.9601831865641883,16.259093974730707,ramp
3.0,1884.9999999999998,34.99999999999983,783.0979210515919,3.0602843128267323,16.214527371252625,ramp
3.0,1885.9999999999998,35.99999999999977,806.5908586831383,3.1603819432355267,16.166383379937514,ramp
3.0,1886.9999999999998,36.999999999999716,830.7885844436312,3.2604705041486843,16.114505132673138,ramp
3.0,1887.9999999999995,37.99999999999966,855.7122419769387,3.360544970207677,16.05874793106645,ramp
3.0,1888.9999999999995,38.9999999999996,881.3836092362453,3.4606007571794417,15.99897862319936,ramp
3.0,1889.9999999999995,39.999999999999545,907.8251175133312,3.5606336342118188,15.935074930223218,ramp
3.0,1890.9999999999995,40.99999999999949,935.0598710387296,3.6606396526210427,15.866924745978594,ramp
3.0,1891.9999999999995,41.99999999999943,963.1116671698899,3.760615088730916,15.794425428843253,ramp
3.0,1892.9999999999993,42.999999999999375,992.0050171849849,3.8605563986110774,15.717483100973318,ramp
3.0,1893.9999999999993,43.99999999999932,1021.7651677005327,3.960460182835825,15.636011966154237,ramp
3.0,1894.9999999999993,44.99999999999926,1052.4181227315469,4.060323159619433,15.549933653760892,ramp
3.0,1895.999999999999,45.999999999999204,1083.9906664134917,4.160142144889186,15.459176592979778,ramp
3.0,1896.999999999999,46.99999999999915,1116.5103864058947,4.259914038040603,15.363675418589281,ramp
3.0,1897.999999999999,47.99999999999909,1150.0056979980695,4.359635812284663,15.263370407326313,ramp
3.0,1898.999999999999,48.999999999999034,1184.5058689380096,4.459304508647574,15.158206942258152,ramp
3.0,1899.999999999999,49.99999999999898,1200.0,4.554066353755413,15.048277970107883,hold
3.0,1900.9999999999989,50.99999999999892,1200.0,4.627367627782036,14.93558468640853,hold
3.0,1901.9999999999989,51.99999999999886,1200.0,4.686551751693792,14.822648597992211,hold
3.0,1902.9999999999989,52.999999999998806,1200.0,4.735598046457629,14.711235838338498,hold
3.0,1903.9999999999986,53.99999999999875,1200.0,4.776721487822496,14.602561936422909,hold
3.0,1904.9999999999986,54.99999999999869,1200.0,4.811522681099065,14.49740507511498,hold
3.0,1905.9999999999986,55.999999999998636,1200.0,4.841247071092378,14.396209973332994,hold
3.0,1906.9999999999986,56.99999999999858,1200.0,4.866883164259909,14.299173217255507,hold
3.0,1907.9999999999986,57.99999999999852,1200.0,4.889220781055337,14.206311082807213,hold
3.0,1908.9999999999984,58.999999999998465,1200.0,4.908893001721628,14.117512930833746,hold
3.0,1909.9999999999984,59.99999999999841,1200.0,4.9264082889204355,14.032582813687528,hold
3.0,1910.9999999999984,60.99999999999835,1200.0,4.94217561051811,13.951271421575179,hold
3.0,1911.9999999999982,61.999999999998295,1200.0,4.956524274950261,13.87330015055093,hold
3.0,1912.9999999999982,62.99999999999824,1200.0,4.96971968003113,13.798378816209558,hold
3.0,1913.9999999999982,63.99999999999818,1200.0,4.981975866056897,13.726218315581331,hold
3.0,1914.9999999999982,64.99999999999812,1200.0,4.993465551129028,13.656539336865771,hold
3.0,1915.9999999999982,65.99999999999807,1200.0,5.00432817213779,13.589078030433667,hold
3.0,1916.999999999998,66.99999999999801,1200.0,5.014676339533868,13.523589387162168,hold
3.0,1917.999999999998,67.99999999999795,1200.0,5.024601026411031,13.459848923567698,hold
3.0,1918.999999999998,68.9999999999979,1200.0,5.034175745033731,13.397653147865816,hold
3.0,1919.9999999999977,69.99999999999784,1200.0,5.043459911614801,13.33681917618335,hold
3.0,1920.9999999999977,70.99999999999778,1200.0,5.052501559211745,13.277183781948349,hold
3.0,1921.9999999999977,71.99999999999773,1200.0,5.061339526393381,13.218602091792986,hold
3.0,1922.9999999999977,72.99999999999767,1200.0,5.0700052238503925,13.160946085782095,hold
3.0,1923.9999999999977,73.99999999999761,1200.0,5.078524060892991,13.104103016150601,hold
3.0,1924.9999999999975,74.99999999999756,1200.0,5.0869165976617525,13.047973824911626,hold
3.0,1925.9999999999975,75.9999999999975,1200.0,5.095199476002231,12.992471614837036,hold
3.0,1926.9999999999975,76.99999999999744,1200.0,5.103386171644205,12.93752020883115,hold
3.0,1927.9999999999973,77.99999999999739,1200.0,5.111487602055507,12.88305281828589,hold
3.0,1928.9999999999973,78.99999999999733,1200.0,5.119512617694498,12.829010830518698,hold
3.0,1929.9999999999973,79.99999999999727,1200.0,5.127468399038008,12.77534271795968,hold
3.0,1930.9999999999973,80.99999999999721,1200.0,5.135360777454627,12.722003066647025,hold
3.0,1931.9999999999973,81.99999999999716,1200.0,5.143194494520841,12.668951718237501,hold
3.0,1932.999999999997,82.9999999999971,1200.0,5.150973411576115,12.616153017687918,hold
3.0,1933.999999999997,83.99999999999704,1200.0,5.158700679051424,12.563575157662681,hold
3.0,1934.999999999997,84.99999999999699,1200.0,5.166378873279029,12.511189610298514,hold
3.0,1935.9999999999968,85.99999999999693,1200.0,5.17401010701538,12.458970637003793,hold
3.0,1936.9999999999968,86.99999999999687,1200.0,5.181596118716003,12.406894867330148,hold
3.0,1937.9999999999968,87.99999999999682,1200.0,5.189138344636791,12.354940938510673,hold
3.0,1938.9999999999968,88.99999999999676,1200.0,5.196637977056225,12.303089187929636,hold
3.0,1939.9999999999968,89.9999999999967,1200.0,5.204096011282404,12.251321391508789,hold
3.0,1940.9999999999966,90.99999999999665,1200.0,5.211513283598654,12.199620541725663,hold
3.0,1941.9999999999966,91.99999999999659,1200.0,5.218890501888929,12.147970659688456,hold
3.0,1942.9999999999966,92.99999999999653,1200.0,5.226228270350621,12.096356636362716,hold
3.0,1943.9999999999964,93.99999999999648,1200.0,5.23352710943244,12.044764098666931,hold
3.0,1944.9999999999964,94.99999999999642,1200.0,5.2407874719168746,11.993179296718539,hold
3.0,1945.9999999999964,95.99999999999636,1200.0,5.248009755890195,11.941589009021689,hold
3.0,1946.9999999999964,96.9999999999963,1200.0,5.255194315200255,11.889980462840517,hold
3.0,1947.9999999999964,97.99999999999625,1200.0,5.262341467887054,11.838341267400361,hold
3.0,1948.9999999999961,98.99999999999619,1200.0,5.2694515029776365,11.786659357909196,hold
3.0,1949.9999999999961,99.99999999999613,1200.0,5.276524685961624,11.734922948695344,hold
3.0,1950.9999999999961,100.99999999999608,1200.0,5.28356126320267,11.683120494019535,hold
3.0,1951.999999999996,101.99999999999602,1200.0,5.290561465491988,11.631240655346073,hold
3.0,1952.999999999996,102.99999999999596,1200.0,5.297525510910249,11.579272274050606,hold
3.0,1953.999999999996,103.99999999999591,1200.0,5.304453607132081,11.527204348707626,hold
3.0,1954.999999999996,104.99999999999585,1200.0,5.311345953281477,11.475026016241108,hold
3.0,1955.999999999996,105.9999999999958,1200.0,5.318202741425381,11.422726536339843,hold
3.0,1956.9999999999957,106.99999999999574,1200.0,5.325024157775943,11.370295278640322,hold
3.0,1957.9999999999957,107.99999999999568,1200.0,5.331810383658194,11.317721712264195,hold
3.0,1958.9999999999957,108.99999999999562,1200.0,5.338561596288907,11.264995397368736,hold
3.0,1959.9999999999955,109.99999999999557,1200.0,5.345277969403564,11.212105978428061,hold
3.0,1960.9999999999955,110.99999999999551,1200.0,5.351959673761109,11.159043179013128,hold
3.0,1961.9999999999955,111.99999999999545,1200.0,5.358606877550485,11.105796797880444,hold
3.0,1962.9999999999955,112.9999999999954,1200.0,5.365219746718193,11.052356706213557,hold
3.0,1963.9999999999955,113.99999999999534,1200.0,5.371798445232462,10.998712845891289,hold
3.0,1964.9999999999952,114.99999999999528,1200.0,5.378343135296475,10.944855228680106,hold
3.0,1965.9999999999952,115.99999999999523,1200.0,5.384853977520789,10.890773936268491,hold
3.0,1966.9999999999952,116.99999999999517,1200.0,5.391331131063015,10.836459121077526,hold
3.0,1967.999999999995,117.99999999999511,1200.0,5.397774753741277,10.781901007795895,hold
3.0,1968.999999999995,118.99999999999505,1200.0,5.404185002126756,10.727089895598592,hold
3.0,1969.999999999995,119.999999999995,1200.0,5.410562031619475,10.672016161017988,hold
3.0,1970.999999999995,120.99999999999494,1200.0,5.416905996510791,10.616670261443904,hold
3.0,1971.999999999995,121.99999999999488,1200.0,5.423217050035287,10.561042739235091,hold
3.0,1972.9999999999948,122.99999999999483,1200.0,5.429495344414309,10.505124226430167,hold
3.0,1973.9999999999948,123.99999999999477,1200.0,5.4357410308928875,10.4489054500495,hold
3.0,1974.9999999999948,124.99999999999471,1200.0,5.441954259771497,10.392377237983391,hold
3.0,1975.9999999999945,125.99999999999466,1200.0,5.448135180433811,10.335530525463694,hold
3.0,1976.9999999999945,126.9999999999946,1200.0,5.454283941371348,10.278356362118847,hold
3.0,1977.9999999999945,127.99999999999454,1200.0,5.460400690205812,10.220845919612733,hold
3.0,1978.9999999999948,128.99999999999477,1200.0,5.466485573709684,10.162990499869087,hold
3.0,1979.999999999995,129.999999999995,1200.0,5.472538737825584,10.104781543883695,hold
3.0,1980.9999999999952,130.99999999999523,1200.0,5.4785603276847965,10.04621064112635,hold
3.0,1981.9999999999955,131.99999999999545,1200.0,5.484550487625272,9.98726953953508,hold
3.0,1982.9999999999957,132.99999999999568,1200.0,5.490509361209381,9.927950156103062,hold
3.0,1983.999999999996,133.9999999999959,1200.0,5.496437091241619,9.868244588059525,hold
3.0,1984.9999999999961,134.99999999999613,1200.0,5.502333819786443,9.808145124643717,hold
3.0,1985.9999999999964,135.99999999999636,1200.0,5.508199688186404,9.747644259469658,hold
3.0,1986.9999999999966,136.9999999999966,1200.0,5.514034837080635,9.686734703478226,hold
3.0,1987.9999999999968,137.99999999999682,1200.0,5.519839406423855,9.625409398470586,hold
3.0,1988.999999999997,138.99999999999704,1200.0,5.525613535505931,9.563661531215281,hold
3.0,1989.9999999999973,139.99999999999727,1200.0,5.53135736297207,9.50148454811871,hold
3.0,1990.9999999999975,140.9999999999975,1200.0,5.537071026843679,9.438872170446174,hold
3.0,1991.9999999999977,141.99999999999773,1200.0,5.542754664539975,9.375818410077654,hold
3.0,1992.999999999998,142.99999999999795,1200.0,5.5484084129003195,9.312317585779589,hold
3.0,1993.9999999999982,143.99999999999818,1200.0,5.554032408207364,9.248364339970799,hold
3.0,1994.9999999999984,144.9999999999984,1200.0,5.559626786210966,9.183953655957096,hold
3.0,1995.9999999999986,145.99999999999864,1200.0,5.565191682152937,9.119080875605379,hold
3.0,1996.9999999999989,146.99999999999886,1200.0,5.570727230792594,9.053741717424474,hold
3.0,1997.999999999999,147.9999999999991,1200.0,5.576233566433132,8.987932295016147,hold
3.0,1998.9999999999993,148.99999999999932,1200.0,5.581710822948807,8.9216491358553,hold
3.0,1999.9999999999995,149.99999999999955,1200.0,5.5871591338129125,8.854889200354712,hold
3.0,2000.9999999999998,150.99999999999977,1200.0,5.592578632126549,8.787649901164858,hold
3.0,2002.0,152.0,1200.0,5.597969450648139,8.719929122655728,hold
3.0,2003.0,153.0,1200.0,5.603331721823674,8.651725240523039,hold
3.0,2004.0,154.0,1200.0,5.608665577817711,8.583037141456542,hold
3.0,2005.0,155.0,1200.0,5.613971150544934,8.51386424280463,hold
3.0,2006.0,156.0,1200.0,5.619248571702408,8.444206512164898,hold
3.0,2007.0,157.0,1200.0,5.624497972802359,8.374064486826232,hold
3.0,2008.0,158.0,1200.0,5.629719485205488,8.3034392929845,hold
3.0,2009.0,159.0,1200.0,5.634913240154695,8.232332664650063,hold
3.0,2010.0,160.0,1200.0,5.640079368809195,8.160746962161989,hold
3.0,2011.0,161.0,1200.0,5.645218002278927,8.088685190220879,hold
3.0,2012.0,162.0,1200.0,5.650329271659177,8.016151015349207,hold
3.0,2013.0,163.0,1200.0,5.6554133080653335,7.943148782686399,hold
3.0,2014.0,164.0,1200.0,5.660470242667654,7.86968353202322,hold
3.0,2015.0,165.0,1200.0,5.665500206725997,7.795761012979125,hold
3.0,2016.0,166.0,1200.0,5.670503331624338,7.721387699225159,hold
3.0,2017.0,167.0,1200.0,5.6754797489050395,7.6465708016546365,hold
3.0,2018.0,168.0,1200.0,5.680429590302695,7.57131828040417,hold
3.0,2019.0,169.0,1200.0,5.68535298777745,7.495638855628425,hold
3.0,2020.0,170.0,1200.0,5.690250073547686,7.419542016933343,hold
3.0,2021.0,171.0,1200.0,5.695120980121924,7.343038031374967,hold
3.0,2022.0,172.0,1200.0,5.699965840329791,7.266137949933694,hold
3.0,2023.0,173.0,1200.0,5.70478478735199,7.188853612377258,hold
3.0,2024.0,174.0,1200.0,5.70957795474904,7.111197650429974,hold
3.0,2025.0,175.0,1200.0,5.71434547648871,7.033183489170704,hold
3.0,2026.0,176.0,1200.0,5.719087486972013,6.954825346587256,hold
3.0,2027.0,177.0,1200.0,5.723804121057556,6.876138231221439,hold
3.0,2028.0,178.0,1200.0,5.728495514084195,6.797137937845376,hold
3.0,2029.0,179.0,1200.0,5.733161801891793,6.71784104111719,hold
3.0,2030.0,180.0,1200.0,5.73780312083997,6.6382648871722285,hold
3.0,2031.0,181.0,1200.0,5.742419607824726,6.558427583113802,hold
3.0,2032.0,182.0,1200.0,5.747011400292804,6.478347984376616,hold
3.0,2033.0,183.0,1200.0,5.751578636253653,6.398045679945206,hold
3.0,2034.0,184.0,1200.0,5.756121454288919,6.317540975418782,hold
3.0,2035.0,185.0,1200.0,5.760639993559315,6.236854873924018,hold
3.0,2036.0,186.0,1200.0,5.765134393808816,6.15600905488687,hold
3.0,2037.0,187.0,1200.0,5.769604795366042,6.075025850684546,hold
3.0,2038.0,188.0,1200.0,5.774051339142774,5.993928221208963,hold
3.0,2039.0,189.0,1200.0,5.778474166629555,5.912739726382769,hold
3.0,2040.0,190.0,1200.0,5.782873419888266,5.831484496678822,hold
3.0,2041.0,191.0,1200.0,5.787249241541681,5.750187201703879,hold
3.0,2042.0,192.0,1200.0,5.791601774759919,5.668873016916722,hold
3.0,2043.0,193.0,1200.0,5.795931163243823,5.587567588559764,hold
3.0,2044.0,194.0,1200.0,5.800237551205192,5.506296996892292,hold
3.0,2045.0,195.0,1200.0,5.804521083343934,5.42508771782158,hold
3.0,2046.0,196.0,1200.0,5.808781904822111,5.343966583036177,hold
3.0,2047.0,197.0,1200.0,5.8130201612349195,5.262960738752832,hold
3.0,2048.0,198.0,1200.0,5.817235998578654,5.182097603195396,hold
3.0,2049.0,199.0,1200.0,5.8214295632157125,5.101404822930307,hold
3.0,2050.0,200.0,1200.0,5.825601001836687,5.0209102281886295,hold
3.0,2051.0,201.0,1200.0,5.829750461419674,4.940641787309725,hold
3.0,2052.0,202.0,1200.0,5.833878089186833,4.860627560445777,hold
3.0,2053.0,203.0,1200.0,5.837984032558364,4.780895652670034,hold
3.0,2054.0,204.0,1200.0,5.842068439103972,4.7014741666344735,hold
3.0,2055.0,205.0,1200.0,5.846131456492004,4.62239115492482,hold
3.0,2056.0,206.0,1200.0,5.85017323243633,4.54367457226225,hold
3.0,2057.0,207.0,1200.0,5.8541939146411845,4.465352227702095,hold
3.0,2058.0,208.0,1200.0,5.858193650744105,4.3874517369799335,hold
3.0,2059.0,209.0,1200.0,5.862172588257116,4.310000475154744,hold
3.0,2060.0,210.0,1200.0,5.866130874506385,4.233025529697933,hold
3.0,2061.0,211.0,1200.0,5.870068656570473,4.156553654174918,hold
3.0,2062.0,212.0,1200.0,5.873986081217449,4.080611222663585,hold
3.0,2063.0,213.0,1200.0,5.877883294840978,4.0052241850510315,hold
3.0,2064.0,214.0,1200.0,5.881760443395656,3.930418023346016,hold
3.0,2065.0,215.0,1200.0,5.885617672331775,3.856217709140695,hold
3.0,2066.0,216.0,1200.0,5.889455126529682,3.7826476623502567,hold
3.0,2067.0,217.0,1200.0,5.893272950234038,3.7097317113538497,hold
3.0,2068.0,218.0,1200.0,5.89707128698808,3.6374930546544983,hold
3.0,2069.0,219.0,1200.0,5.90085027956817,3.5659542241694617,hold
3.0,2070.0,220.0,1200.0,5.9046100699188235,3.4951370502558614,hold
3.0,2071.0,221.0,1200.0,5.908350799088416,3.425062628569434,hold
3.0,2072.0,222.0,1200.0,5.912072607165761,3.3557512888467276,hold
3.0,2073.0,223.0,1200.0,5.91577563321781,3.287222565693534,hold
3.0,2074.0,224.0,1200.0,5.919460015228611,3.2194951714541165,hold
3.0,2075.0,225.0,1200.0,5.923125890039778,3.1525869712276036,hold
3.0,2076.0,226.0,1200.0,5.926773393292581,3.0865149600893704,hold
3.0,2077.0,227.0,1200.0,5.930402659371928,3.0212952425664774,hold
3.0,2078.0,228.0,1200.0,5.9340138213523455,2.956943014407424,hold
3.0,2079.0,229.0,1200.0,5.9376070109461265,2.893472546677479,hold
3.0,2080.0,230.0,1200.0,5.941182358453826,2.830897172201694,hold
3.0,2081.0,231.0,1200.0,5.9447399927172375,2.7692292743688407,hold
3.0,2082.0,232.0,1200.0,5.948280041074974,2.7084802783002626,hold
3.0,2083.0,233.0,1200.0,5.951802629320783,2.648660644378765,hold
3.0,2084.0,234.0,1200.0,5.955307881664712,2.58977986412373,hold
3.0,2085.0,235.0,1200.0,5.9587959206972325,2.5318464583899214,hold
3.0,2086.0,236.0,1200.0,5.962266867356377,2.4748679778588936,hold
3.0,2087.0,237.0,1200.0,5.965720840898003,2.418851005783715,hold
3.0,2088.0,238.0,1200.0,5.969157958869234,2.3638011629395836,hold
3.0,2089.0,239.0,1200.0,5.972578337085113,2.309723114725292,hold
3.0,2090.0,240.0,1200.0,5.97598208960852,2.2566205803532227,hold
3.0,2091.0,241.0,1200.0,5.979369328733378,2.2044963440585104,hold
3.0,2092.0,242.0,1200.0,5.982740164971163,2.153352268251698,hold
3.0,2093.0,243.0,1200.0,5.98609470704069,2.103189308532997,hold
3.0,2094.0,244.0,1200.0,5.989433061861192,2.0540075304809084,hold
3.0,2095.0,245.0,1200.0,5.992755334548651,2.0058061281228494,hold
3.0,2096.0,246.0,1200.0,5.996061628415337,1.9585834439910492,hold
3.0,2097.0,247.0,1200.0,5.999352044972506,1.9123369906630117,hold
3.0,2098.0,248.0,1200.0,6.002626683936222,1.8670634736825178,hold
3.0,2099.0,249.0,1200.0,6.0058856432361605,1.8227588157544479,hold
3.0,2099.439661164291,249.4396611642912,1200.0,6.007313520329287,1.8035853516636928,hold
5.0,1850.0,0.0,278.3,0.0,17.0,ramp
5.0,1851.0,1.0,292.21500000000003,0.02388904510762932,16.9987221169699,ramp
5.0,1852.0,2.0,306.82575,0.08043182766952735,16.992036345152503,ramp
5.0,1853.0,2.9999999999999964,322.1670375,0.158031647718765,16.978068476813565,ramp
5.0,1854.0,3.999999999999993,338.275389375,0.2517454248801562,16.95668341072501,ramp
5.0,1855.0,4.999999999999989,355.1891588437499,0.35836092466111186,16.92866509416187,ramp
5.0,1856.0,5.999999999999986,372.9486167859373,0.4754353853089085,16.895221370675575,ramp
5.0,1857.0,6.999999999999982,391.5960476252341,0.6010237668626944,16.857681341742957,ramp
5.0,1858.0,7.999999999999979,411.1758500064958,0.7335544382694196,16.817318817148934,ramp
5.0,1859.0,8.999999999999993,431.73464250682093,0.8717495484279106,16.775253673522933,ramp
5.0,1860.0,10.0,453.32137463216213,1.0145662505969606,16.73240119125338,ramp
5.0,1861.0,11.0,475.98744336377024,1.1611510876907571,16.689451302477114,ramp
5.0,1862.0,12.0,499.78681553195884,1.3108039078091396,16.646866588551525,ramp
5.0,1863.0,13.0,524.7761563085568,1.4629490680922876,16.604891932264447,ramp
5.0,1864.0,14.0,551.0149641239847,1.6171123431377132,16.563571236448688,ramp
5.0,1865.0,15.0,578.5657123301839,1.7729023483191702,16.522768224651667,ramp
5.0,1866.0,16.0,607.4939979466931,1.929995556636194,16.48218938129231,ramp
5.0,1867.0,17.0,637.8686978440278,2.0881241830938206,16.441407759358697,ramp
5.0,1868.0,18.0,669.7621327362292,2.2470663587819297,16.399886803269823,ramp
5.0,1869.0,19.0,703.2502393730407,2.4066381325427955,16.357003586616955,ramp
5.0,1870.0,20.0,738.4127513416927,2.5666869305947926,16.312071011005422,ramp
5.0,1871.0,21.0,775.3333889087775,2.7270861796394694,16.264358599578372,ramp
5.0,1872.0,22.0,814.1000583542163,2.887730860615904,16.21311158056317,ramp
5.0,1873.0,23.0,854.8050612719272,3.0485338108045736,16.157568014260082,ramp
5.0,1874.0,24.0,897.5453143355236,3.209422633014283,16.09697378280937,ramp
5.0,1875.0,25.0,942.4225800522998,3.3703371032704195,16.03059533864334,ramp
5.0,1876.0,26.0,989.5437090549149,3.531226993764834,15.957730191197916,ramp
5.0,1877.0,27.0,1039.0208945076606,3.6920502468321166,15.877715194945605,ramp
5.0,1878.0,28.0,1090.9719392330437,3.852771449445309,15.789932776782214,ramp
5.0,1879.0,29.0,1145.520536194696,4.013360567274435,15.693815300061926,ramp
5.0,1880.0,30.0,1200.0,4.173791903796494,15.588847801595747,hold
5.0,1881.0,31.0,1200.0,4.308483481834888,15.475958324774032,hold
5.0,1882.0,32.0,1200.0,4.412620618689085,15.359303879783456,hold
5.0,1883.0,32.99999999999994,1200.0,4.497168884960711,15.242045955028297,hold
5.0,1884.0,33.999999999999886,1200.0,4.5668285857619715,15.126351801507974,hold
5.0,1884.9999999999998,34.99999999999983,1200.0,4.624687026433133,15.013652207015848,hold
5.0,1885.9999999999998,35.99999999999977,1200.0,4.673088945489456,14.904831448863893,hold
5.0,1886.9999999999998,36.999999999999716,1200.0,4.713884507115617,14.800375745337686,hold
5.0,1887.9999999999995,37.99999999999966,1200.0,4.748549745414373,14.70048478411054,hold
5.0,1888.9999999999995,38.9999999999996,1200.0,4.778267237212105,14.605155800922486,hold
5.0,1889.9999999999995,39.999999999999545,1200.0,4.803986632568575,14.514247318359695,hold
5.0,1890.9999999999995,40.99999999999949,1200.0,4.82647172019204,14.427527345845522,hold
5.0,1891.9999999999995,41.99999999999943,1200.0,4.84633751827571,14.344709460044909,hold
5.0,1892.9999999999993,42.999999999999375,1200.0,4.864079703206372,14.26547937146866,hold
5.0,1893.9999999999993,43.99999999999932,1200.0,4.880098059019433,14.189514048192306,hold
5.0,1894.9999999999993,44.99999999999926,1200.0,4.8947152197121975,14.116495070063694,hold
5.0,1895.999999999999,45.999999999999204,1200.0,4.908191684253866,14.046117567002002,hold
5.0,1896.999999999999,46.99999999999915,1200.0,4.920737867623732,13.978095828918647,hold
5.0,1897.999999999999,47.99999999999909,1200.0,4.932523787205017,13.912166451979667,hold
5.0,1898.999999999999,48.999999999999034,1200.0,4.943686857823757,13.848089700549654,hold
5.0,1899.999999999999,49.99999999999898,1200.0,4.95433817086302,13.78564961166662,hold
5.0,1900.9999999999989,50.99999999999892,1200.0,4.964567556314335,13.72465324505425,hold
5.0,1901.9999999999989,51.99999999999886,1200.0,4.974447666357065,13.664929382374066,hold
5.0,1902.9999999999989,52.999999999998806,1200.0,4.984037271385478,13.606326900777102,hold
5.0,1903.9999999999986,53.99999999999875,1200.0,4.993383921551671,13.548712984283574,hold
5.0,1904.9999999999986,54.99999999999869,1200.0,5.002526096740949,13.491971288959878,hold
5.0,1905.9999999999986,55.999999999998636,1200.0,5.011494943815563,13.436000141561276,hold
5.0,1906.9999999999986,56.99999999999858,1200.0,5.020315680687627,13.380710823974821,hold
5.0,1907.9999999999986,57.99999999999852,1200.0,5.029008731325625,13.326025975524916,hold
5.0,1908.9999999999984,58.999999999998465,1200.0,5.037590643385287,13.271878130433883,hold
5.0,1909.9999999999984,59.99999999999841,1200.0,5.046074830172929,13.218208397201346,hold
5.0,1910.9999999999984,60.99999999999835,1200.0,5.0544721706127955,13.164965279369536,hold
5.0,1911.9999999999982,61.999999999998295,1200.0,5.062791494414168,13.112103632277748,hold
5.0,1912.9999999999982,62.99999999999824,1200.0,5.0710399744117485,13.059583747352162,hold
5.0,1913.9999999999982,63.99999999999818,1200.0,5.07922344383891,13.007370553738843,hold
5.0,1914.9999999999982,64.99999999999812,1200.0,5.087346652891015,12.955432926295005,hold
5.0,1915.9999999999982,65.99999999999807,1200.0,5.095413476187793,12.903743088820466,hold
5.0,1916.999999999998,66.99999999999801,1200.0,5.103427080523032,12.852276101723108,hold
5.0,1917.999999999998,67.99999999999795,1200.0,5.1113900604947355,12.801009423908708,hold
5.0,1918.999999999998,68.9999999999979,1200.0,5.119304548157627,12.749922539451532,hold
5.0,1919.9999999999977,69.99999999999784,1200.0,5.127172301666125,12.698996640451716,hold
5.0,1920.9999999999977,70.99999999999778,1200.0,5.134994776926666,12.648214358360475,hold
5.0,1921.9999999999977,71.99999999999773,1200.0,5.14277318551037,12.597559536914774,hold
5.0,1922.9999999999977,72.99999999999767,1200.0,5.1505085414557845,12.547017040641343,hold
5.0,1923.9999999999977,73.99999999999761,1200.0,5.158201699088903,12.49657259365258,hold
5.0,1924.9999999999975,74.99999999999756,1200.0,5.165853383581043,12.446212644152927,hold
5.0,1925.9999999999975,75.9999999999975,1200.0,5.173464215636135,12.395924250701656,hold
5.0,1926.9999999999975,76.99999999999744,1200.0,5.181034731432911,12.345694986836998,hold
5.0,1927.9999999999973,77.99999999999739,1200.0,5.188565398732059,12.295512861160756,hold
5.0,1928.9999999999973,78.99999999999733,1200.0,5.196056629884284,12.245366250413221,hold
5.0,1929.9999999999973,79.99999999999727,1200.0,5.203508792334262,12.195243843444555,hold
5.0,1930.9999999999973,80.99999999999721,1200.0,5.210922217101489,12.145134594312752,hold
5.0,1931.9999999999973,81.99999999999716,1200.0,5.218297205626891,12.095027683017827,hold
5.0,1932.999999999997,82.9999999999971,1200.0,5.22563403529941,12.04491248261982,hold
5.0,1933.999999999997,83.99999999999704,1200.0,5.2329329639165785,11.99477853169168,hold
5.0,1934.999999999997,84.99999999999699,1200.0,5.240194233284303,11.944615511230868,hold
5.0,1935.9999999999968,85.99999999999693,1200.0,5.247418072121652,11.894413225299083,hold
5.0,1936.9999999999968,86.99999999999687,1200.0,5.254604698404642,11.84416158478307,hold
5.0,1937.9999999999968,87.99999999999682,1200.0,5.261754321257169,11.793850593772355,hold
5.0,1938.9999999999968,88.99999999999676,1200.0,5.26886714247652,11.74347033813742,hold
5.0,1939.9999999999968,89.9999999999967,1200.0,5.275943357764014,11.693010975963444,hold
5.0,1940.9999999999966,90.99999999999665,1200.0,5.282983157717769,11.64246272955649,hold
5.0,1941.9999999999966,91.99999999999659,1200.0,5.289986728633583,11.59181587878879,hold
5.0,1942.9999999999966,92.99999999999653,1200.0,5.296954253151062,11.541060755592513,hold
5.0,1943.9999999999964,93.99999999999648,1200.0,5.303885910775017,11.490187739445945,hold
5.0,1944.9999999999964,94.99999999999642,1200.0,5.310781878296265,11.439187253725464,hold
5.0,1945.9999999999964,95.99999999999636,1200.0,5.317642330131391,11.38804976282048,hold
5.0,1946.9999999999964,96.9999999999963,1200.0,5.324467438597214,11.336765769928686,hold
5.0,1947.9999999999964,97.99999999999625,1200.0,5.331257374132682,11.285325815465528,hold
5.0,1948.9999999999961,98.99999999999619,1200.0,5.338012305478418,11.233720476035405,hold
5.0,1949.9999999999961,99.99999999999613,1200.0,5.344732399822234,11.181940363923289,hold
5.0,1950.9999999999961,100.99999999999608,1200.0,5.351417822917259,11.129976127075428,hold
5.0,1951.999999999996,101.99999999999602,1200.0,5.358068739178056,11.07781844954468,hold
5.0,1952.999999999996,102.99999999999596,1200.0,5.364685311759104,11.025458052383186,hold
5.0,1953.999999999996,103.99999999999591,1200.0,5.371267702619117,10.972885694970243,hold
5.0,1954.999999999996,104.99999999999585,1200.0,5.377816072574056,10.920092176767003,hold
5.0,1955.999999999996,105.9999999999958,1200.0,5.384330581341077,10.867068339494459,hold
5.0,1956.9999999999957,106.99999999999574,1200.0,5.3908113875753045,10.813805069732826,hold
5.0,1957.9999999999957,107.99999999999568,1200.0,5.397258648900877,10.76029330194405,hold
5.0,1958.9999999999957,108.99999999999562,1200.0,5.403672521937491,10.706524021920298,hold
5.0,1959.9999999999955,109.99999999999557,1200.0,5.410053162323402,10.652488270663707,hold
5.0,1960.9999999999955,110.99999999999551,1200.0,5.416400724735669,10.598177148702906,hold
5.0,1961.9999999999955,111.99999999999545,1200.0,5.422715362908298,10.543581820853827,hold
5.0,1962.9999999999955,112.9999999999954,1200.0,5.4289972296487665,10.48869352143315,hold
5.0,1963.9999999999955,113.99999999999534,1200.0,5.435246476853381,10.433503559931955,hold
5.0,1964.9999999999952,114.99999999999528,1200.0,5.4414632555218,10.378003327159181,hold
5.0,1965.9999999999952,115.99999999999523,1200.0,5.447647715770982,10.322184301863485,hold
5.0,1966.9999999999952,116.99999999999517,1200.0,5.453800006848814,10.266038057842426,hold
5.0,1967.999999999995,117.99999999999511,1200.0,5.459920277147602,10.209556271547903,hold
5.0,1968.999999999995,118.99999999999505,1200.0,5.466008674217564,10.152730730195902,hold
5.0,1969.999999999995,119.999999999995,1200.0,5.47206534478047,10.095553340388726,hold
5.0,1970.999999999995,120.99999999999494,1200.0,5.4780904347435255,10.038016137256657,hold
5.0,1971.999999999995,121.99999999999488,1200.0,5.484084089213605,9.980111294125347,hold
5.0,1972.9999999999948,122.99999999999483,1200.0,5.49004645251187,9.921831132714306,hold
5.0,1973.9999999999948,123.99999999999477,1200.0,5.495977668188916,9.863168133870488,hold
5.0,1974.9999999999948,124.99999999999471,1200.0,5.501877879040398,9.80411494883962,hold
5.0,1975.9999999999945,125.99999999999466,1200.0,5.507747227123279,9.744664411076636,hold
5.0,1976.9999999999945,126.9999999999946,1200.0,5.51358585377267,9.684809548594384,hold
5.0,1977.9999999999945,127.99999999999454,1200.0,5.519393899619347,9.624543596848563,hold
5.0,1978.9999999999948,128.99999999999477,1200.0,5.525171504607951,9.563860012154132,hold
5.0,1979.999999999995,129.999999999995,1200.0,5.530918808015876,9.502752485626422,hold
5.0,1980.9999999999952,130.99999999999523,1200.0,5.536635948472933,9.441214957637824,hold
5.0,1981.9999999999955,131.99999999999545,1200.0,5.542323063981726,9.379241632778406,hold
5.0,1982.9999999999957,132.99999999999568,1200.0,5.547980291938826,9.31682699530554,hold
5.0,1983.999999999996,133.9999999999959,1200.0,5.553607769156688,9.25396582506519,hold
5.0,1984.9999999999961,134.99999999999613,1200.0,5.559205631886393,9.190653213864243,hold
5.0,1985.9999999999964,135.99999999999636,1200.0,5.564774015841156,9.126884582269614,hold
5.0,1986.9999999999966,136.9999999999966,1200.0,5.570313056220618,9.062655696806875,hold
5.0,1987.9999999999968,137.99999999999682,1200.0,5.575822887735945,8.997962687527483,hold
5.0,1988.999999999997,138.99999999999704,1200.0,5.581303644635701,8.932802065909742,hold
5.0,1989.9999999999973,139.99999999999727,1200.0,5.586755460732483,8.867170743055006,hold
5.0,1990.9999999999975,140.9999999999975,1200.0,5.592178469430321,8.801066048136937,hold
5.0,1991.9999999999977,141.99999999999773,1200.0,5.597572803752807,8.734485747057214,hold
5.0,1992.999999999998,142.99999999999795,1200.0,5.602938596371944,8.667428061257514,hold
5.0,1993.9999999999982,143.99999999999818,1200.0,5.6082759796376624,8.599891686633471,hold
5.0,1994.9999999999984,144.9999999999984,1200.0,5.613585085608008,8.531875812492165,hold
5.0,1995.9999999999986,145.99999999999864,1200.0,5.618866046079929,8.463380140491054,hold
5.0,1996.9999999999989,146.99999999999886,1200.0,5.624118992620623,8.394404903492195,hold
5.0,1997.999999999999,147.9999999999991,1200.0,5.629344056599417,8.324950884262105,hold
5.0,1998.9999999999993,148.99999999999932,1200.0,5.634541369220104,8.255019433943618,hold
5.0,1999.9999999999995,149.99999999999955,1200.0,5.639711061553667,8.184612490223302,hold
5.0,2000.9999999999998,150.99999999999977,1200.0,5.644853264571379,8.113732595114431,hold
5.0,2002.0,152.0,1200.0,5.649968109178115,8.042382912272888,hold
5.0,2003.0,153.0,1200.0,5.655055726245872,7.9705672437606685,hold
5.0,2004.0,154.0,1200.0,5.660116246647451,7.898290046169722,hold
5.0,2005.0,155.0,1200.0,5.665149801290017,7.8255564460167255,hold
5.0,2006.0,156.0,1200.0,5.670156521148708,7.752372254318621,hold
5.0,2007.0,157.0,1200.0,5.675136537300001,7.678743980257218,hold
5.0,2008.0,158.0,1200.0,5.6800899809548,7.604678843841212,hold
5.0,2009.0,159.0,1200.0,5.685016983491132,7.53018478747399,hold
5.0,2010.0,160.0,1200.0,5.689917676486347,7.455270486336625,hold
5.0,2011.0,161.0,1200.0,5.694792191748658,7.379945357496194,hold
5.0,2012.0,162.0,1200.0,5.699640661347969,7.304219567652128,hold
5.0,2013.0,163.0,1200.0,5.704463217645794,7.228104039435328,hold
5.0,2014.0,164.0,1200.0,5.7092599933242125,7.151610456178293,hold
5.0,2015.0,165.0,1200.0,5.714031121413654,7.07475126507808,hold
5.0,2016.0,166.0,1200.0,5.718776735319457,6.997539678678448,hold
5.0,2017.0,167.0,1200.0,5.723496968847015,6.919989674602347,hold
5.0,2018.0,168.0,1200.0,5.728191956225404,6.842115993471884,hold
5.0,2019.0,169.0,1200.0,5.732861832129357,6.763934134958585,hold
5.0,2020.0,170.0,1200.0,5.737506731699471,6.6854603519138065,hold
5.0,2021.0,171.0,1200.0,5.742126790560473,6.606711642536309,hold
5.0,2022.0,172.0,1200.0,5.746722144837496,6.52770574054143,hold
5.0,2023.0,173.0,1200.0,5.751292931170174,6.448461103304736,hold
5.0,2024.0,174.0,1200.0,5.755839286724483,6.368996897961115,hold
5.0,2025.0,175.0,1200.0,5.760361349202228,6.2893329854492315,hold
5.0,2026.0,176.0,1200.0,5.764859256848025,6.2094899025000485,hold
5.0,2027.0,177.0,1200.0,5.769333148453748,6.129488841577526,hold
5.0,2028.0,178.0,1200.0,5.773783163360293,6.049351628788706,hold
5.0,2029.0,179.0,1200.0,5.778209441456635,5.969100699789854,hold
5.0,2030.0,180.0,1200.0,5.782612123176078,5.888759073724634,hold
5.0,2031.0,181.0,1200.0,5.786991349489631,5.808350325239432,hold
5.0,2032.0,182.0,1200.0,5.791347261896503,5.7278985546305385,hold
5.0,2033.0,183.0,1200.0,5.795680002411646,5.647428356186204,hold
5.0,2034.0,184.0,1200.0,5.799989713550321,5.566964784795779,hold
5.0,2035.0,185.0,1200.0,5.804276538309701,5.48653332090643,hold
5.0,2036.0,186.0,1200.0,5.808540620147484,5.406159833915703,hold
5.0,2037.0,187.0,1200.0,5.812782102957539,5.325870544096232,hold
5.0,2038.0,188.0,1200.0,5.817001131042603,5.24569198315564,hold
5.0,2039.0,189.0,1200.0,5.8211978490840695,5.165650953541718,hold
5.0,2040.0,190.0,1200.0,5.8253724021089255,5.085774486608816,hold
5.0,2041.0,191.0,1200.0,5.829524935453888,5.006089799767238,hold
5.0,2042.0,192.0,1200.0,5.8336555947268005,4.926624252742046,hold
5.0,2043.0,193.0,1200.0,5.83776452576542,4.8474053030725495,hold
5.0,2044.0,194.0,1200.0,5.841851874593651,4.768460460987081,hold
5.0,2045.0,195.0,1200.0,5.845917787375338,4.689817243791186,hold
5.0,2046.0,196.0,1200.0,5.849962410365778,4.611503129909425,hold
5.0,2047.0,197.0,1200.0,5.853985889861025,4.53354551272325,hold
5.0,2048.0,198.0,1200.0,5.857988372145182,4.455971654348303,hold
5.0,2049.0,199.0,1200.0,5.861970003435796,4.378808639495184,hold
5.0,2050.0,200.0,1200.0,5.865930929827521,4.302083329557592,hold
5.0,2051.0,201.0,1200.0,5.869871297234232,4.225822317071051,hold
5.0,2052.0,202.0,1200.0,5.87379125132975,4.15005188068408,hold
5.0,2053.0,203.0,1200.0,5.87769093748736,4.074797940781742,hold
5.0,2054.0,204.0,1200.0,5.881570500718311,4.00008601589879,hold
5.0,2055.0,205.0,1200.0,5.885430085609499,3.925941180056861,hold
5.0,2056.0,206.0,1200.0,5.889269836260503,3.8523880211561536,hold
5.0,2057.0,207.0,1200.0,5.893089896220208,3.779450600547909,hold
5.0,2058.0,208.0,1200.0,5.896890408423181,3.707152413909448,hold
5.0,2059.0,209.0,1200.0,5.900671515126027,3.6355163535380575,hold
5.0,2060.0,210.0,1200.0,5.904433357843923,3.5645646721745057,hold
5.0,2061.0,211.0,1200.0,5.908176077287519,3.494318948460697,hold
5.0,2062.0,212.0,1200.0,5.91189981330043,3.424800054129549,hold
5.0,2063.0,213.0,1200.0,5.915604704797498,3.356028123018179,hold
5.0,2064.0,214.0,1200.0,5.91929088970403,3.2880225219882693,hold
5.0,2065.0,215.0,1200.0,5.92295850489621,3.2208018238297975,hold
5.0,2066.0,216.0,1200.0,5.926607686142866,3.1543837822164895,hold
5.0,2067.0,217.0,1200.0,5.930238568048761,3.088785308773168,hold
5.0,2068.0,218.0,1200.0,5.9338512839996165,3.024022452306857,hold
5.0,2069.0,219.0,1200.0,5.937445966109018,2.960110380244981,hold
5.0,2070.0,220.0,1200.0,5.941022745167354,2.897063362315274,hold
5.0,2071.0,221.0,1200.0,5.944581750592962,2.8348947564933065,hold
5.0,2072.0,222.0,1200.0,5.948123110385626,2.77361699723471,hold
5.0,2073.0,223.0,1200.0,5.951646951082532,2.713241586000433,hold
5.0,2074.0,224.0,1200.0,5.955153397716845,2.65377908407444,hold
5.0,2075.0,225.0,1200.0,5.958642573778993,2.5952391076647294,hold
5.0,2076.0,226.0,1200.0,5.962114601180764,2.53763032526981,hold
5.0,2077.0,227.0,1200.0,5.96556960022233,2.480960457284564,hold
5.0,2078.0,228.0,1200.0,5.969007689562231,2.4252362778110657,hold
5.0,2079.0,229.0,1200.0,5.972428986190442,2.3704636186320887,hold
5.0,2079.952290428238,229.95229042823814,1200.0,5.97567154172762,2.3191931707804883,hold
